-- ============================================================
-- YOUTH FOOTBALL MANAGER - POPOLAMENTO DATI
-- Versione: 1.0 - 2026-06-27
--
-- ATTENZIONE: Questo script INSERISCE i dati!
--
-- CONTENUTO:
-- 1. Categorie globali (stagione 2025/26)
-- 2. Competizioni
-- 3. Stagioni 2025/26 per ogni workspace
-- 4. Squadre
-- 5. Players per SSD New Team
-- 6. Team Players
-- 7. Partite
--
-- WORKSPACES:
-- 00000000-0000-0000-0000-000000000001 = ASD Green Academy
-- 22222222-2222-2222-2222-222222222222 = SSD New Team
-- 752eab50-73c1-495b-9e0e-8b851e9c9a99 = ACP Annex
-- ab1186e5-a884-4355-b684-28e32b8157c2 = DF Academy
-- ============================================================

-- ============================================================
-- 1. CATEGORIE GLOBALI (stagione 2025/26)
-- ============================================================

INSERT INTO category (id, nome, tipo_campionato, anno_da, anno_a, descrizione) VALUES
    ('c0000001-0000-0000-0000-000000000001', 'Under 14 Provinciale', 'Provinciale', 2012, 2012, 'Ragazzi nati nel 2012'),
    ('c0000002-0000-0000-0000-000000000002', 'Under 14 Regionale', 'Regionale', 2012, 2012, 'Ragazzi nati nel 2012'),
    ('c0000003-0000-0000-0000-000000000003', 'Under 14 Elite', 'Elite', 2012, 2012, 'Ragazzi nati nel 2012'),
    ('c0000004-0000-0000-0000-000000000004', 'Under 15 Provinciale', 'Provinciale', 2011, 2011, 'Ragazzi nati nel 2011'),
    ('c0000005-0000-0000-0000-000000000005', 'Under 15 Regionale', 'Regionale', 2011, 2011, 'Ragazzi nati nel 2011'),
    ('c0000006-0000-0000-0000-000000000006', 'Under 15 Elite', 'Elite', 2011, 2011, 'Ragazzi nati nel 2011'),
    ('c0000007-0000-0000-0000-000000000007', 'Under 16 Provinciale', 'Provinciale', 2010, 2010, 'Ragazzi nati nel 2010'),
    ('c0000008-0000-0000-0000-000000000008', 'Under 16 Regionale', 'Regionale', 2010, 2010, 'Ragazzi nati nel 2010'),
    ('c0000009-0000-0000-0000-000000000009', 'Under 16 Elite', 'Elite', 2010, 2010, 'Ragazzi nati nel 2010'),
    ('c0000010-0000-0000-0000-000000000010', 'Under 17 Provinciale', 'Provinciale', 2009, 2009, 'Ragazzi nati nel 2009'),
    ('c0000011-0000-0000-0000-000000000011', 'Under 17 Regionale', 'Regionale', 2009, 2009, 'Ragazzi nati nel 2009'),
    ('c0000012-0000-0000-0000-000000000012', 'Under 17 Elite', 'Elite', 2009, 2009, 'Ragazzi nati nel 2009'),
    ('c0000013-0000-0000-0000-000000000013', 'Under 18 Provinciale', 'Provinciale', 2008, 2008, 'Ragazzi nati nel 2008'),
    ('c0000014-0000-0000-0000-000000000014', 'Under 18 Regionale', 'Regionale', 2008, 2008, 'Ragazzi nati nel 2008'),
    ('c0000015-0000-0000-0000-000000000015', 'Under 19 Regionale', 'Regionale', 2007, 2007, 'Ragazzi nati nel 2007'),
    ('c0000016-0000-0000-0000-000000000016', 'Under 19 Pro', 'Pro', 2006, 2006, 'Ragazzi nati nel 2006'),
    ('c0000017-0000-0000-0000-000000000017', 'Juniores Provinciale', 'Provinciale', 2007, 2008, 'Giovani 2007-2008'),
    ('c0000018-0000-0000-0000-000000000018', 'Juniores Regionale', 'Regionale', 2007, 2008, 'Giovani 2007-2008'),
    ('c0000019-0000-0000-0000-000000000019', 'Primavera', 'Regionale', 2005, 2006, 'Giovani calciatori 2005-2006');

-- ============================================================
-- 2. COMPETIZIONI
-- ============================================================

INSERT INTO competition (id, nome, tipo, regione, descrizione) VALUES
    ('cc000001-0000-0000-0000-000000000001', 'Campionato Regionale Lazio U14-U17', 'Campionato', 'Lazio', 'Campionato regionale FIGC'),
    ('cc000002-0000-0000-0000-000000000002', 'Coppa Lazio', 'Coppa', 'Lazio', 'Coppa regionale FIGC'),
    ('cc000003-0000-0000-0000-000000000003', 'Campionato Nazionale U19', 'Campionato', 'Nazionale', 'Campionato federale under 19'),
    ('cc000004-0000-0000-0000-000000000004', 'Torneo Friendlies', 'Amichevole', NULL, 'Partite amichevoli');

-- ============================================================
-- 3. STAGIONI 2025/26
-- ============================================================

-- Stagioni per ogni workspace
INSERT INTO stagione (id, workspace_id, nome, anno_inizio, anno_fine, attiva, data_inizio, data_fine, is_default) VALUES
    ('s0000001-0000-0000-0000-000000000001', '00000000-0000-0000-0000-000000000001', '2025/26', 2025, 2026, true, '2025-09-01', '2026-06-30', true),
    ('s0000002-0000-0000-0000-000000000002', '22222222-2222-2222-2222-222222222222', '2025/26', 2025, 2026, true, '2025-09-01', '2026-06-30', true),
    ('s0000003-0000-0000-0000-000000000003', '752eab50-73c1-495b-9e0e-8b851e9c9a99', '2025/26', 2025, 2026, true, '2025-09-01', '2026-06-30', true),
    ('s0000004-0000-0000-0000-000000000004', 'ab1186e5-a884-4355-b684-28e32b8157c2', '2025/26', 2025, 2026, true, '2025-09-01', '2026-06-30', true);

-- ============================================================
-- 4. SQUADRE
-- ============================================================

-- ACP Annex - U16 Provinciale
INSERT INTO team (id, season_id, category_id, nome, colori_casa, colori_trasferta, iscritta_competizione) VALUES
    ('t0000001-0000-0000-0000-000000000001', 's0000003-0000-0000-0000-000000000003', 'c0000007-0000-0000-0000-000000000007', 'ACP Annex', 'Blu', 'Bianco', 'cc000001-0000-0000-0000-000000000001');

-- DF Academy - U14 Elite
INSERT INTO team (id, season_id, category_id, nome, colori_casa, colori_trasferta, iscritta_competizione) VALUES
    ('t0000002-0000-0000-0000-000000000002', 's0000004-0000-0000-0000-000000000004', 'c0000003-0000-0000-0000-000000000003', 'DF Academy', 'Rosso', 'Bianco', 'cc000001-0000-0000-0000-000000000001');

-- SSD New Team - U15, U16, U17
INSERT INTO team (id, season_id, category_id, nome, colori_casa, colori_trasferta, iscritta_competizione) VALUES
    ('t0000003-0000-0000-0000-000000000003', 's0000002-0000-0000-0000-000000000002', 'c0000005-0000-0000-0000-000000000005', 'SSD New Team', 'Verde', 'Bianco', 'cc000001-0000-0000-0000-000000000001'),
    ('t0000004-0000-0000-0000-000000000004', 's0000002-0000-0000-0000-000000000002', 'c0000008-0000-0000-0000-000000000008', 'SSD New Team', 'Verde', 'Bianco', 'cc000001-0000-0000-0000-000000000001'),
    ('t0000005-0000-0000-0000-000000000005', 's0000002-0000-0000-0000-000000000002', 'c0000011-0000-0000-0000-000000000011', 'SSD New Team', 'Verde', 'Bianco', 'cc000001-0000-0000-0000-000000000001');

-- ============================================================
-- 5. PLAYERS per SSD New Team (U15 - 22 giocatori)
-- ============================================================

INSERT INTO calciatore (id, nome, cognome, data_nascita, telefono, email, sesso) VALUES
    ('p0000001-0000-0000-0000-000000000001', 'Lorenzo', 'Rossi', '2011-03-15', '3331111111', NULL, 'M'),
    ('p0000002-0000-0000-0000-000000000002', 'Alessandro', 'Bianchi', '2011-07-22', '3332222222', NULL, 'M'),
    ('p0000003-0000-0000-0000-000000000003', 'Matteo', 'Verdi', '2011-01-10', '3333333333', NULL, 'M'),
    ('p0000004-0000-0000-0000-000000000004', 'Francesco', 'Russo', '2011-09-05', '3334444444', NULL, 'M'),
    ('p0000005-0000-0000-0000-000000000005', 'Andrea', 'Ferrari', '2011-05-18', '3335555555', NULL, 'M'),
    ('p0000006-0000-0000-0000-000000000006', 'Davide', 'Esposito', '2011-11-30', '3336666666', NULL, 'M'),
    ('p0000007-0000-0000-0000-000000000007', 'Marco', 'Romano', '2011-02-14', '3337777777', NULL, 'M'),
    ('p0000008-0000-0000-0000-000000000008', 'Luca', 'Marino', '2011-08-25', '3338888888', NULL, 'M'),
    ('p0000009-0000-0000-0000-000000000009', 'Giovanni', 'Ricci', '2011-04-12', '3339999999', NULL, 'M'),
    ('p0000010-0000-0000-0000-000000000010', 'Simone', 'Bruno', '2011-12-03', '3331010101', NULL, 'M'),
    ('p0000011-0000-0000-0000-000000000011', 'Federico', 'Conti', '2011-06-28', '3331111112', NULL, 'M'),
    ('p0000012-0000-0000-0000-000000000012', 'Nicolo''', 'Costa', '2011-10-17', '3331212121', NULL, 'M'),
    ('p0000013-0000-0000-0000-000000000013', 'Gabriele', 'Giordano', '2011-03-08', '3331313131', NULL, 'M'),
    ('p0000014-0000-0000-0000-000000000014', 'Filippo', 'Mancini', '2011-07-19', '3331414141', NULL, 'M'),
    ('p0000015-0000-0000-0000-000000000015', 'Tommaso', 'Barbieri', '2011-01-25', '3331515151', NULL, 'M'),
    ('p0000016-0000-0000-0000-000000000016', 'Edoardo', 'Moretti', '2011-09-12', '3331616161', NULL, 'M'),
    ('p0000017-0000-0000-0000-000000000017', 'Antonio', 'Fontana', '2011-05-07', '3331717171', NULL, 'M'),
    ('p0000018-0000-0000-0000-000000000018', 'Riccardo', 'Ferrara', '2011-11-21', '3331818181', NULL, 'M'),
    ('p0000019-0000-0000-0000-000000000019', 'Stefano', 'Santoro', '2011-02-28', '3331919191', NULL, 'M'),
    ('p0000020-0000-0000-0000-000000000020', 'Paolo', 'Rinaldi', '2011-08-03', '3332020202', NULL, 'M'),
    ('p0000021-0000-0000-0000-000000000021', 'Michele', 'Mazza', '2011-04-15', '3332121212', NULL, 'M'),
    ('p0000022-0000-0000-0000-000000000022', 'Daniele', 'Lombardi', '2011-12-09', '3332222223', NULL, 'M');

-- ============================================================
-- 6. TEAM PLAYERS (assegnazione SSD New Team U15)
-- ============================================================

INSERT INTO team_player (team_id, player_id, numero_maglia, ruolo_preferito, is_primary, stato) VALUES
    ('t0000003-0000-0000-0000-000000000003', 'p0000001-0000-0000-0000-000000000001', 1, 'Portiere', true, 'Attivo'),
    ('t0000003-0000-0000-0000-000000000003', 'p0000002-0000-0000-0000-000000000002', 2, 'Difensore', true, 'Attivo'),
    ('t0000003-0000-0000-0000-000000000003', 'p0000003-0000-0000-0000-000000000003', 3, 'Difensore', true, 'Attivo'),
    ('t0000003-0000-0000-0000-000000000003', 'p0000004-0000-0000-0000-000000000004', 4, 'Difensore', true, 'Attivo'),
    ('t0000003-0000-0000-0000-000000000003', 'p0000005-0000-0000-0000-000000000005', 5, 'Centrocampista', true, 'Attivo'),
    ('t0000003-0000-0000-0000-000000000003', 'p0000006-0000-0000-0000-000000000006', 6, 'Centrocampista', true, 'Attivo'),
    ('t0000003-0000-0000-0000-000000000003', 'p0000007-0000-0000-0000-000000000007', 7, 'Centrocampista', true, 'Attivo'),
    ('t0000003-0000-0000-0000-000000000003', 'p0000008-0000-0000-0000-000000000008', 8, 'Attaccante', true, 'Attivo'),
    ('t0000003-0000-0000-0000-000000000003', 'p0000009-0000-0000-0000-000000000009', 9, 'Attaccante', true, 'Attivo'),
    ('t0000003-0000-0000-0000-000000000003', 'p0000010-0000-0000-0000-000000000010', 10, 'Attaccante', true, 'Attivo'),
    ('t0000003-0000-0000-0000-000000000003', 'p0000011-0000-0000-0000-000000000011', 11, 'Portiere', true, 'Attivo'),
    ('t0000003-0000-0000-0000-000000000003', 'p0000012-0000-0000-0000-000000000012', 12, 'Difensore', true, 'Attivo'),
    ('t0000003-0000-0000-0000-000000000003', 'p0000013-0000-0000-0000-000000000013', 13, 'Difensore', true, 'Attivo'),
    ('t0000003-0000-0000-0000-000000000003', 'p0000014-0000-0000-0000-000000000014', 14, 'Centrocampista', true, 'Attivo'),
    ('t0000003-0000-0000-0000-000000000003', 'p0000015-0000-0000-0000-000000000015', 15, 'Centrocampista', true, 'Attivo'),
    ('t0000003-0000-0000-0000-000000000003', 'p0000016-0000-0000-0000-000000000016', 16, 'Centrocampista', true, 'Attivo'),
    ('t0000003-0000-0000-0000-000000000003', 'p0000017-0000-0000-0000-000000000017', 17, 'Attaccante', true, 'Attivo'),
    ('t0000003-0000-0000-0000-000000000003', 'p0000018-0000-0000-0000-000000000018', 18, 'Attaccante', true, 'Attivo'),
    ('t0000003-0000-0000-0000-000000000003', 'p0000019-0000-0000-0000-000000000019', 19, 'Difensore', true, 'Attivo'),
    ('t0000003-0000-0000-0000-000000000003', 'p0000020-0000-0000-0000-000000000020', 20, 'Centrocampista', true, 'Attivo'),
    ('t0000003-0000-0000-0000-000000000003', 'p0000021-0000-0000-0000-000000000021', 21, 'Attaccante', true, 'Attivo');

-- ============================================================
-- 7. PARTITE SSD New Team U15 (15 partite)
-- ============================================================

INSERT INTO match (team_id, competition_id, data_ora, avversario, luogo, giornata, stato) VALUES
    ('t0000003-0000-0000-0000-000000000003', 'cc000001-0000-0000-0000-000000000001', '2025-09-14 15:30:00', 'Real Roma', 'Casa', 1, 'Da disputare'),
    ('t0000003-0000-0000-0000-000000000003', 'cc000001-0000-0000-0000-000000000001', '2025-09-21 15:30:00', 'Lazio Academy', 'Trasferta', 2, 'Da disputare'),
    ('t0000003-0000-0000-0000-000000000003', 'cc000001-0000-0000-0000-000000000001', '2025-09-28 15:30:00', 'Roma FC Youth', 'Casa', 3, 'Da disputare'),
    ('t0000003-0000-0000-0000-000000000003', 'cc000001-0000-0000-0000-000000000001', '2025-10-05 15:00:00', 'Virtus Roma', 'Trasferta', 4, 'Da disputare'),
    ('t0000003-0000-0000-0000-000000000003', 'cc000001-0000-0000-0000-000000000001', '2025-10-12 15:00:00', 'Frosinone Youth', 'Casa', 5, 'Da disputare'),
    ('t0000003-0000-0000-0000-000000000003', 'cc000001-0000-0000-0000-000000000001', '2025-10-19 15:00:00', 'Torino Academy', 'Trasferta', 6, 'Da disputare'),
    ('t0000003-0000-0000-0000-000000000003', 'cc000001-0000-0000-0000-000000000001', '2025-10-26 14:30:00', 'Lazio Junior', 'Casa', 7, 'Da disputare'),
    ('t0000003-0000-0000-0000-000000000003', 'cc000001-0000-0000-0000-000000000001', '2025-11-02 14:30:00', 'Atalanta Youth', 'Trasferta', 8, 'Da disputare'),
    ('t0000003-0000-0000-0000-000000000003', 'cc000001-0000-0000-0000-000000000001', '2025-11-09 14:30:00', 'Napoli Academy', 'Casa', 9, 'Da disputare'),
    ('t0000003-0000-0000-0000-000000000003', 'cc000001-0000-0000-0000-000000000001', '2025-11-16 14:00:00', 'Milan Junior', 'Trasferta', 10, 'Da disputare'),
    ('t0000003-0000-0000-0000-000000000003', 'cc000001-0000-0000-0000-000000000001', '2025-11-23 14:00:00', 'Inter Campus', 'Casa', 11, 'Da disputare'),
    ('t0000003-0000-0000-0000-000000000003', 'cc000001-0000-0000-0000-000000000001', '2025-11-30 14:00:00', 'Juventus Youth', 'Trasferta', 12, 'Da disputare'),
    ('t0000003-0000-0000-0000-000000000003', 'cc000001-0000-0000-0000-000000000001', '2025-12-07 14:00:00', 'Fiorentina Academy', 'Casa', 13, 'Da disputare'),
    ('t0000003-0000-0000-0000-000000000003', 'cc000001-0000-0000-0000-000000000001', '2025-12-14 14:00:00', 'Sampdoria Youth', 'Trasferta', 14, 'Da disputare'),
    ('t0000003-0000-0000-0000-000000000003', 'cc000001-0000-0000-0000-000000000001', '2025-12-21 14:00:00', 'Genoa Academy', 'Casa', 15, 'Da disputare');

-- ============================================================
-- VERIFICA
-- ============================================================

SELECT 'Popolamento completato!' AS status;

SELECT 'Categorie:' AS info, COUNT(*) AS count FROM category;
SELECT 'Competizioni:' AS info, COUNT(*) AS count FROM competition;
SELECT 'Stagioni:' AS info, COUNT(*) AS count FROM stagione;
SELECT 'Team:' AS info, COUNT(*) AS count FROM team;
SELECT 'Players:' AS info, COUNT(*) AS count FROM calciatore;
SELECT 'Team Players:' AS info, COUNT(*) AS count FROM team_player;
SELECT 'Partite:' AS info, COUNT(*) AS count FROM match;
