-- ================================================================
-- YOUTH FOOTBALL MANAGER - SSD NEW TEAM TEST DATA
-- Workspace completo per testing: U14 - U19
-- Esegui in Supabase SQL Editor
-- ================================================================

-- ================================================================
-- 1. WORKSPACE
-- ================================================================
INSERT INTO workspace (id, nome, indirizzo, città, telefono, email, data_creazione)
VALUES (
  '11111111-1111-1111-1111-111111111111',
  'SSD New Team',
  'Via dello Sport 42',
  'Roma',
  '06 1234567',
  'info@ssdnewteam.it',
  '2025-07-01'
) ON CONFLICT (id) DO NOTHING;

-- ================================================================
-- 2. STAGIONE
-- ================================================================
INSERT INTO stagione (id, workspace_id, nome, data_inizio, data_fine, is_attiva)
VALUES (
  '22222222-2222-2222-2222-222222222222',
  '11111111-1111-1111-1111-111111111111',
  '2025/26',
  '2025-07-01',
  '2026-06-30',
  true
) ON CONFLICT (id) DO NOTHING;

-- ================================================================
-- 3. SQUADRE (U14 - U19)
-- ================================================================
INSERT INTO squadra (id, stagione_id, nome, categoria, allenatore, dirigente, telefono_dirigente, email_dirigente)
VALUES
  ('33333333-3333-3333-3333-333333331114', '22222222-2222-2222-2222-222222222222', 'New Team', 'U14', 'Roberto Bianchi', 'Mario Rossi', '3331111111', 'mario@ssdnewteam.it'),
  ('33333333-3333-3333-3333-333333331115', '22222222-2222-2222-2222-222222222222', 'New Team', 'U15', 'Antonio Esposito', 'Luigi Verdi', '3332222222', 'luigi@ssdnewteam.it'),
  ('33333333-3333-3333-3333-333333331116', '22222222-2222-2222-2222-222222222222', 'New Team', 'U16', 'Giuseppe Conti', 'Paolo Neri', '3333333333', 'paolo@ssdnewteam.it'),
  ('33333333-3333-3333-3333-333333331117', '22222222-2222-2222-2222-222222222222', 'New Team', 'U17', 'Marco Ferretti', 'Andrea Bianchi', '3334444444', 'andrea@ssdnewteam.it'),
  ('33333333-3333-3333-3333-333333331118', '22222222-2222-2222-2222-222222222222', 'New Team', 'U18', 'Fabio Marino', 'Giovanni Russo', '3335555555', 'giovanni@ssdnewteam.it'),
  ('33333333-3333-3333-3333-333333331119', '22222222-2222-2222-2222-222222222222', 'New Team', 'U19', 'Luca Greco', 'Sergio Costa', '3336666666', 'sergio@ssdnewteam.it')
ON CONFLICT (id) DO NOTHING;

-- ================================================================
-- 4. GIOCATORI U14 (18 giocatori - nati 2012)
-- ================================================================
INSERT INTO calciatore (id, workspace_id, nome, cognome, data_nascita, luogo_nascita, codice_fiscale, tipo_documento, numero_documento, rilasciato_da, scadenza_certificato, telefono, telefono_genitore, indirizzo, nazionalita, numero_maglia_richiesta)
VALUES
  ('44444444-4444-4444-4444-444444441101', '11111111-1111-1111-1111-111111111111', 'Alessandro', 'Moretti', '2012-03-15', 'Roma', 'MRTLSN12C55H501A', 'CI', 'U14001', 'Questura Roma', '2026-09-15', '3331000001', '3391000001', 'Via Roma 1, Roma', 'Italiana', 1),
  ('44444444-4444-4444-4444-444444441102', '11111111-1111-1111-1111-111111111111', 'Matteo', 'Rizzo', '2012-05-22', 'Roma', 'RZZMTT12E22H501B', 'CI', 'U14002', 'Questura Roma', '2026-10-22', '3331000002', '3391000002', 'Via Milano 2, Roma', 'Italiana', 2),
  ('44444444-4444-4444-4444-444444441103', '11111111-1111-1111-1111-111111111111', 'Lorenzo', 'Ferrara', '2012-01-10', 'Roma', 'FRRLNZ12A10H501C', 'CI', 'U14003', 'Questura Roma', '2026-08-10', '3331000003', '3391000003', 'Via Napoli 3, Roma', 'Italiana', 3),
  ('44444444-4444-4444-4444-444444441104', '11111111-1111-1111-1111-111111111111', 'Gabriele', 'Romano', '2012-07-08', 'Roma', 'RMNGRL12L08H501D', 'CI', 'U14004', 'Questura Roma', '2026-12-08', '3331000004', '3391000004', 'Via Torino 4, Roma', 'Italiana', 4),
  ('44444444-4444-4444-4444-444444441105', '11111111-1111-1111-1111-111111111111', 'Francesco', 'Colombo', '2012-02-28', 'Roma', 'CLMFNC12B28H501E', 'CI', 'U14005', 'Questura Roma', '2026-09-28', '3331000005', '3391000005', 'Via Palermo 5, Roma', 'Italiana', 5),
  ('44444444-4444-4444-4444-444444441106', '11111111-1111-1111-1111-111111111111', 'Tommaso', 'Marino', '2012-09-14', 'Roma', 'MRNTMS12P14H501F', 'CI', 'U14006', 'Questura Roma', '2026-03-14', '3331000006', '3391000006', 'Via Genova 6, Roma', 'Italiana', 6),
  ('44444444-4444-4444-4444-444444441107', '11111111-1111-1111-1111-111111111111', 'Andrea', 'Rossi', '2012-04-19', 'Roma', 'RSSNDR12D19H501G', 'CI', 'U14007', 'Questura Roma', '2026-10-19', '3331000007', '3391000007', 'Via Bologna 7, Roma', 'Italiana', 7),
  ('44444444-4444-4444-4444-444444441108', '11111111-1111-1111-1111-111111111111', 'Davide', 'Ferrari', '2012-11-03', 'Roma', 'FRRDVD12S03H501H', 'CI', 'U14008', 'Questura Roma', '2026-05-03', '3331000008', '3391000008', 'Via Firenze 8, Roma', 'Italiana', 8),
  ('44444444-4444-4444-4444-444444441109', '11111111-1111-1111-1111-111111111111', 'Simone', 'Ricci', '2012-06-25', 'Roma', 'RCCSMN12F25H501I', 'CI', 'U14009', 'Questura Roma', '2026-11-25', '3331000009', '3391000009', 'Via Napoli 9, Roma', 'Italiana', 9),
  ('44444444-4444-4444-4444-444444441110', '11111111-1111-1111-1111-111111111111', 'Federico', 'Costa', '2012-08-12', 'Roma', 'CSTFDR12M12H501L', 'CI', 'U14010', 'Questura Roma', '2026-04-12', '3331000010', '3391000010', 'Via Roma 10, Roma', 'Italiana', 10),
  ('44444444-4444-4444-4444-444444441111', '11111111-1111-1111-1111-111111111111', 'Samuele', 'Bianchi', '2012-12-05', 'Roma', 'BNCSML12T05H501M', 'CI', 'U14011', 'Questura Roma', '2026-06-05', '3331000011', '3391000011', 'Via Milano 11, Roma', 'Italiana', 11),
  ('44444444-4444-4444-4444-444444441112', '11111111-1111-1111-1111-111111111111', 'Filippo', 'Neri', '2012-03-30', 'Roma', 'NREFP12C30H501N', 'CI', 'U14012', 'Questura Roma', '2026-07-30', '3331000012', '3391000012', 'Via Torino 12, Roma', 'Italiana', 12),
  ('44444444-4444-4444-4444-444444441113', '11111111-1111-1111-1111-111111111111', 'Giovanni', 'Esposito', '2012-10-18', 'Roma', 'SPSGNN12R18H501O', 'CI', 'U14013', 'Questura Roma', '2026-02-18', '3331000013', '3391000013', 'Via Palermo 13, Roma', 'Italiana', 13),
  ('44444444-4444-4444-4444-444444441114', '11111111-1111-1111-1111-111111111111', 'Pietro', 'Conti', '2012-01-22', 'Roma', 'CNTPTR12A22H501P', 'CI', 'U14014', 'Questura Roma', '2026-08-22', '3331000014', '3391000014', 'Via Genova 14, Roma', 'Italiana', 14),
  ('44444444-4444-4444-4444-444444441115', '11111111-1111-1111-1111-111111111111', 'Manuel', 'Ferraro', '2012-07-09', 'Roma', 'FRRMNL12L09H501Q', 'CI', 'U14015', 'Questura Roma', '2026-12-09', '3331000015', '3391000015', 'Via Bologna 15, Roma', 'Italiana', 15),
  ('44444444-4444-4444-4444-444444441116', '11111111-1111-1111-1111-111111111111', 'Luca', 'Barbieri', '2012-05-14', 'Roma', 'BBRLCU12E14H501R', 'CI', 'U14016', 'Questura Roma', '2026-09-14', '3331000016', '3391000016', 'Via Firenze 16, Roma', 'Italiana', 16),
  ('44444444-4444-4444-4444-444444441117', '11111111-1111-1111-1111-111111111111', 'Edoardo', 'Grasso', '2012-09-28', 'Roma', 'GRSEDR12P28H501S', 'CI', 'U14017', 'Questura Roma', '2026-03-28', '3331000017', '3391000017', 'Via Napoli 17, Roma', 'Italiana', 17),
  ('44444444-4444-4444-4444-444444441118', '11111111-1111-1111-1111-111111111111', 'Stefano', 'Vitale', '2012-02-11', 'Roma', 'VTLSFN12B11H501T', 'CI', 'U14018', 'Questura Roma', '2026-10-11', '3331000018', '3391000018', 'Via Roma 18, Roma', 'Italiana', 18)
ON CONFLICT (id) DO NOTHING;

-- ================================================================
-- 5. ROSA U14
-- ================================================================
INSERT INTO rosa (id, squadra_id, calciatore_id, numero_maglia, ruolo, stato)
VALUES
  ('55555555-5555-5555-5555-555555551101', '33333333-3333-3333-3333-333333331114', '44444444-4444-4444-4444-444444441101', 1, 'Portiere', 'Attivo'),
  ('55555555-5555-5555-5555-555555551102', '33333333-3333-3333-3333-333333331114', '44444444-4444-4444-4444-444444441102', 2, 'Difensore', 'Attivo'),
  ('55555555-5555-5555-5555-555555551103', '33333333-3333-3333-3333-333333331114', '44444444-4444-4444-4444-444444441103', 3, 'Difensore', 'Attivo'),
  ('55555555-5555-5555-5555-555555551104', '33333333-3333-3333-3333-333333331114', '44444444-4444-4444-4444-444444441104', 4, 'Difensore', 'Attivo'),
  ('55555555-5555-5555-5555-555555551105', '33333333-3333-3333-3333-333333331114', '44444444-4444-4444-4444-444444441105', 5, 'Difensore', 'Attivo'),
  ('55555555-5555-5555-5555-555555551106', '33333333-3333-3333-3333-333333331114', '44444444-4444-4444-4444-444444441106', 6, 'Centrocampista', 'Attivo'),
  ('55555555-5555-5555-5555-555555551107', '33333333-3333-3333-3333-333333331114', '44444444-4444-4444-4444-444444441107', 7, 'Centrocampista', 'Attivo'),
  ('55555555-5555-5555-5555-555555551108', '33333333-3333-3333-3333-333333331114', '44444444-4444-4444-4444-444444441108', 8, 'Centrocampista', 'Attivo'),
  ('55555555-5555-5555-5555-555555551109', '33333333-3333-3333-3333-333333331114', '44444444-4444-4444-4444-444444441109', 9, 'Attaccante', 'Attivo'),
  ('55555555-5555-5555-5555-555555551110', '33333333-3333-3333-3333-333333331114', '44444444-4444-4444-4444-444444441110', 10, 'Attaccante', 'Attivo'),
  ('55555555-5555-5555-5555-555555551111', '33333333-3333-3333-3333-333333331114', '44444444-4444-4444-4444-444444441111', 11, 'Attaccante', 'Attivo'),
  ('55555555-5555-5555-5555-555555551112', '33333333-3333-3333-3333-333333331114', '44444444-4444-4444-4444-444444441112', 12, 'Portiere', 'Attivo'),
  ('55555555-5555-5555-5555-555555551113', '33333333-3333-3333-3333-333333331114', '44444444-4444-4444-4444-444444441113', 13, 'Difensore', 'Attivo'),
  ('55555555-5555-5555-5555-555555551114', '33333333-3333-3333-3333-333333331114', '44444444-4444-4444-4444-444444441114', 14, 'Centrocampista', 'Attivo'),
  ('55555555-5555-5555-5555-555555551115', '33333333-3333-3333-3333-333333331114', '44444444-4444-4444-4444-444444441115', 15, 'Centrocampista', 'Attivo'),
  ('55555555-5555-5555-5555-555555551116', '33333333-3333-3333-3333-333333331114', '44444444-4444-4444-4444-444444441116', 16, 'Attaccante', 'Attivo'),
  ('55555555-5555-5555-5555-555555551117', '33333333-3333-3333-3333-333333331114', '44444444-4444-4444-4444-444444441117', 17, 'Difensore', 'Attivo'),
  ('55555555-5555-5555-5555-555555551118', '33333333-3333-3333-3333-333333331114', '44444444-4444-4444-4444-444444441118', 18, 'Centrocampista', 'Attivo')
ON CONFLICT (id) DO NOTHING;

-- ================================================================
-- 6. GIOCATORI U15 (18 giocatori - nati 2011)
-- ================================================================
INSERT INTO calciatore (id, workspace_id, nome, cognome, data_nascita, luogo_nascita, codice_fiscale, tipo_documento, numero_documento, rilasciato_da, scadenza_certificato, telefono, telefono_genitore, nazionalita)
VALUES
  ('44444444-4444-4444-4444-444444441201', '11111111-1111-1111-1111-111111111111', 'Nicola', 'Caruso', '2011-04-10', 'Roma', 'CRSNCL11D10H501A', 'CI', 'U15001', 'Questura Roma', '2026-10-10', '3332000001', '3392000001', 'Italiana'),
  ('44444444-4444-4444-4444-444444441202', '11111111-1111-1111-1111-111111111111', 'Mattia', 'Sorrentino', '2011-06-15', 'Roma', 'SRNMTT11F15H501B', 'CI', 'U15002', 'Questura Roma', '2026-12-15', '3332000002', '3392000002', 'Italiana'),
  ('44444444-4444-4444-4444-444444441203', '11111111-1111-1111-1111-111111111111', 'Riccardo', 'De Luca', '2011-02-20', 'Roma', 'DLCRCR11B20H501C', 'CI', 'U15003', 'Questura Roma', '2026-08-20', '3332000003', '3392000003', 'Italiana'),
  ('44444444-4444-4444-4444-444444441204', '11111111-1111-1111-1111-111111111111', 'Nicolo', 'Mancini', '2011-08-25', 'Roma', 'MNCNCL11M25H501D', 'CI', 'U15004', 'Questura Roma', '2026-02-25', '3332000004', '3392000004', 'Italiana'),
  ('44444444-4444-4444-4444-444444441205', '11111111-1111-1111-1111-111111111111', 'Leonardo', 'Santoro', '2011-11-30', 'Roma', 'SNTLNR11S30H501E', 'CI', 'U15005', 'Questura Roma', '2026-05-30', '3332000005', '3392000005', 'Italiana'),
  ('44444444-4444-4444-4444-444444441206', '11111111-1111-1111-1111-111111111111', 'Gabriele', 'Bruno', '2011-03-05', 'Roma', 'BRNGBR11C05H501F', 'CI', 'U15006', 'Questura Roma', '2026-09-05', '3332000006', '3392000006', 'Italiana'),
  ('44444444-4444-4444-4444-444444441207', '11111111-1111-1111-1111-111111111111', 'Alessio', 'Rizzo', '2011-05-18', 'Roma', 'RZZLSS11E18H501G', 'CI', 'U15007', 'Questura Roma', '2026-11-18', '3332000007', '3392000007', 'Italiana'),
  ('44444444-4444-4444-4444-444444441208', '11111111-1111-1111-1111-111111111111', 'Christian', 'Marchetti', '2011-07-22', 'Roma', 'MRCCST11L22H501H', 'CI', 'U15008', 'Questura Roma', '2026-01-22', '3332000008', '3392000008', 'Italiana'),
  ('44444444-4444-4444-4444-444444441209', '11111111-1111-1111-1111-111111111111', 'Thomas', 'Ferretti', '2011-09-12', 'Roma', 'FRTTMS11P12H501I', 'CI', 'U15009', 'Questura Roma', '2026-03-12', '3332000009', '3392000009', 'Italiana'),
  ('44444444-4444-4444-4444-444444441210', '11111111-1111-1111-1111-111111111111', 'Manuel', 'Ferrari', '2011-01-08', 'Roma', 'FRRMNL11A08H501L', 'CI', 'U15010', 'Questura Roma', '2026-07-08', '3332000010', '3392000010', 'Italiana'),
  ('44444444-4444-4444-4444-444444441211', '11111111-1111-1111-1111-111111111111', 'Flavio', 'Grasso', '2011-12-25', 'Roma', 'GRSFLV11T25H501M', 'CI', 'U15011', 'Questura Roma', '2026-05-25', '3332000011', '3392000011', 'Italiana'),
  ('44444444-4444-4444-4444-444444441212', '11111111-1111-1111-1111-111111111111', 'Kevin', 'Vitale', '2011-04-02', 'Roma', 'VT LK V11D02H501N', 'CI', 'U15012', 'Questura Roma', '2026-10-02', '3332000012', '3392000012', 'Italiana'),
  ('44444444-4444-4444-4444-444444441213', '11111111-1111-1111-1111-111111111111', 'Antonio', 'Barbieri', '2011-06-17', 'Roma', 'BBRNTN11F17H501O', 'CI', 'U15013', 'Questura Roma', '2026-12-17', '3332000013', '3392000013', 'Italiana'),
  ('44444444-4444-4444-4444-444444441214', '11111111-1111-1111-1111-111111111111', 'Vincenzo', 'Colombo', '2011-08-28', 'Roma', 'CLMVNC11M28H501P', 'CI', 'U15014', 'Questura Roma', '2026-02-28', '3332000014', '3392000014', 'Italiana'),
  ('44444444-4444-4444-4444-444444441215', '11111111-1111-1111-1111-111111111111', 'Lorenzo', 'Ferrara', '2011-10-14', 'Roma', 'FRRLNZ11R14H501Q', 'CI', 'U15015', 'Questura Roma', '2026-06-14', '3332000015', '3392000015', 'Italiana'),
  ('44444444-4444-4444-4444-444444441216', '11111111-1111-1111-1111-111111111111', 'Gianluca', 'Marino', '2011-02-07', 'Roma', 'MRNGLC11B07H501R', 'CI', 'U15016', 'Questura Roma', '2026-08-07', '3332000016', '3392000016', 'Italiana'),
  ('44444444-4444-4444-4444-444444441217', '11111111-1111-1111-1111-111111111111', 'Simone', 'Neri', '2011-05-23', 'Roma', 'NREGSM11E23H501S', 'CI', 'U15017', 'Questura Roma', '2026-11-23', '3332000017', '3392000017', 'Italiana'),
  ('44444444-4444-4444-4444-444444441218', '11111111-1111-1111-1111-111111111111', 'Emanuele', 'Rossi', '2011-07-11', 'Roma', 'RSSMNL11L11H501T', 'CI', 'U15018', 'Questura Roma', '2026-03-11', '3332000018', '3392000018', 'Italiana')
ON CONFLICT (id) DO NOTHING;

-- ROSA U15
INSERT INTO rosa (id, squadra_id, calciatore_id, numero_maglia, ruolo, stato)
SELECT 
  '55555555-5555-5555-5555-555555551201' || LPAD(sub.rownum::TEXT, 2, '0'),
  '33333333-3333-3333-3333-333333331115',
  sub.id,
  sub.maglia,
  sub.ruolo,
  'Attivo'
FROM (
  SELECT id, ROW_NUMBER() OVER () as rownum,
    CASE ROW_NUMBER() OVER ()
      WHEN 1 THEN 1 WHEN 2 THEN 2 WHEN 3 THEN 3 WHEN 4 THEN 4 WHEN 5 THEN 5
      WHEN 6 THEN 6 WHEN 7 THEN 7 WHEN 8 THEN 8 WHEN 9 THEN 9 WHEN 10 THEN 10
      WHEN 11 THEN 11 WHEN 12 THEN 12 WHEN 13 THEN 13 WHEN 14 THEN 14
      WHEN 15 THEN 15 WHEN 16 THEN 16 WHEN 17 THEN 17 WHEN 18 THEN 18
    END as maglia,
    CASE ROW_NUMBER() OVER ()
      WHEN 1 THEN 'Portiere' WHEN 2 THEN 'Difensore' WHEN 3 THEN 'Difensore'
      WHEN 4 THEN 'Difensore' WHEN 5 THEN 'Difensore' WHEN 6 THEN 'Centrocampista'
      WHEN 7 THEN 'Centrocampista' WHEN 8 THEN 'Centrocampista' WHEN 9 THEN 'Attaccante'
      WHEN 10 THEN 'Attaccante' WHEN 11 THEN 'Attaccante' WHEN 12 THEN 'Portiere'
      WHEN 13 THEN 'Difensore' WHEN 14 THEN 'Centrocampista' WHEN 15 THEN 'Centrocampista'
      WHEN 16 THEN 'Attaccante' WHEN 17 THEN 'Difensore' WHEN 18 THEN 'Centrocampista'
    END as ruolo
  FROM (VALUES
    ('44444444-4444-4444-4444-444444441201'),
    ('44444444-4444-4444-4444-444444441202'),
    ('44444444-4444-4444-4444-444444441203'),
    ('44444444-4444-4444-4444-444444441204'),
    ('44444444-4444-4444-4444-444444441205'),
    ('44444444-4444-4444-4444-444444441206'),
    ('44444444-4444-4444-4444-444444441207'),
    ('44444444-4444-4444-4444-444444441208'),
    ('44444444-4444-4444-4444-444444441209'),
    ('44444444-4444-4444-4444-444444441210'),
    ('44444444-4444-4444-4444-444444441211'),
    ('44444444-4444-4444-4444-444444441212'),
    ('44444444-4444-4444-4444-444444441213'),
    ('44444444-4444-4444-4444-444444441214'),
    ('44444444-4444-4444-4444-444444441215'),
    ('44444444-4444-4444-4444-444444441216'),
    ('44444444-4444-4444-4444-444444441217'),
    ('44444444-4444-4444-4444-444444441218')
  ) AS t(id)
) AS sub
ON CONFLICT (id) DO NOTHING;

-- ================================================================
-- 7. GIOCATORI U16 (18 giocatori - nati 2010)
-- ================================================================
INSERT INTO calciatore (id, workspace_id, nome, cognome, data_nascita, luogo_nascita, codice_fiscale, tipo_documento, numero_documento, rilasciato_da, scadenza_certificato, telefono, telefono_genitore, nazionalita)
VALUES
  ('44444444-4444-4444-4444-444444441301', '11111111-1111-1111-1111-111111111111', 'Marco', 'Esposito', '2010-05-10', 'Roma', 'SPSMRC10E10H501A', 'CI', 'U16001', 'Questura Roma', '2026-11-10', '3333000001', '3393000001', 'Italiana'),
  ('44444444-4444-4444-4444-444444441302', '11111111-1111-1111-1111-111111111111', 'Fabio', 'Caruso', '2010-07-15', 'Roma', 'CRSFBO10F15H501B', 'CI', 'U16002', 'Questura Roma', '2026-01-15', '3333000002', '3393000002', 'Italiana'),
  ('44444444-4444-4444-4444-444444441303', '11111111-1111-1111-1111-111111111111', 'Paolo', 'Sorrentino', '2010-03-20', 'Roma', 'SRNPLO10C20H501C', 'CI', 'U16003', 'Questura Roma', '2026-09-20', '3333000003', '3393000003', 'Italiana'),
  ('44444444-4444-4444-4444-444444441304', '11111111-1111-1111-1111-111111111111', 'Giovanni', 'De Luca', '2010-09-25', 'Roma', 'DLCGNN10P25H501D', 'CI', 'U16004', 'Questura Roma', '2026-03-25', '3333000004', '3393000004', 'Italiana'),
  ('44444444-4444-4444-4444-444444441305', '11111111-1111-1111-1111-111111111111', 'Alessandro', 'Mancini', '2010-12-30', 'Roma', 'MNCLSS10T30H501E', 'CI', 'U16005', 'Questura Roma', '2026-07-30', '3333000005', '3393000005', 'Italiana'),
  ('44444444-4444-4444-4444-444444441306', '11111111-1111-1111-1111-111111111111', 'Luca', 'Santoro', '2010-06-05', 'Roma', 'SNTLCA10F05H501F', 'CI', 'U16006', 'Questura Roma', '2026-12-05', '3333000006', '3393000006', 'Italiana'),
  ('44444444-4444-4444-4444-444444441307', '11111111-1111-1111-1111-111111111111', 'Andrea', 'Bruno', '2010-08-18', 'Roma', 'BRNNDR10M18H501G', 'CI', 'U16007', 'Questura Roma', '2026-04-18', '3333000007', '3393000007', 'Italiana'),
  ('44444444-4444-4444-4444-444444441308', '11111111-1111-1111-1111-111111111111', 'Matteo', 'Rizzo', '2010-10-22', 'Roma', 'RZZMTT10R22H501H', 'CI', 'U16008', 'Questura Roma', '2026-06-22', '3333000008', '3393000008', 'Italiana'),
  ('44444444-4444-4444-4444-444444441309', '11111111-1111-1111-1111-111111111111', 'Davide', 'Marchetti', '2010-02-12', 'Rma', 'MRCDVD10B12H501I', 'CI', 'U16009', 'Questura Roma', '2026-08-12', '3333000009', '3393000009', 'Italiana'),
  ('44444444-4444-4444-4444-444444441310', '11111111-1111-1111-1111-111111111111', 'Federico', 'Ferretti', '2010-04-08', 'Roma', 'FRTFDR10D08H501L', 'CI', 'U16010', 'Questura Roma', '2026-10-08', '3333000010', '3393000010', 'Italiana'),
  ('44444444-4444-4444-4444-444444441311', '11111111-1111-1111-1111-111111111111', 'Simone', 'Ferrari', '2010-11-25', 'Roma', 'FRRSMN11T25H501M', 'CI', 'U16011', 'Questura Roma', '2026-05-25', '3333000011', '3393000011', 'Italiana'),
  ('44444444-4444-4444-4444-444444441312', '11111111-1111-1111-1111-111111111111', 'Gabriele', 'Grasso', '2010-01-02', 'Roma', 'GRSGBR10A02H501N', 'CI', 'U16012', 'Questura Roma', '2026-07-02', '3333000012', '3393000012', 'Italiana'),
  ('44444444-4444-4444-4444-444444441313', '11111111-1111-1111-1111-111111111111', 'Filippo', 'Vitale', '2010-06-17', 'Roma', 'VTIFLP10F17H501O', 'CI', 'U16013', 'Questura Roma', '2026-01-17', '3333000013', '3393000013', 'Italiana'),
  ('44444444-4444-4444-4444-444444441314', '11111111-1111-1111-1111-111111111111', 'Samuele', 'Barbieri', '2010-08-28', 'Roma', 'BBRSML10M28H501P', 'CI', 'U16014', 'Questura Roma', '2026-03-28', '3333000014', '3393000014', 'Italiana'),
  ('44444444-4444-4444-4444-444444441315', '11111111-1111-1111-1111-111111111111', 'Tommaso', 'Colombo', '2010-10-14', 'Roma', 'CLMTMS10R14H501Q', 'CI', 'U16015', 'Questura Roma', '2026-09-14', '3333000015', '3393000015', 'Italiana'),
  ('44444444-4444-4444-4444-444444441316', '11111111-1111-1111-1111-111111111111', 'Edoardo', 'Marino', '2010-02-07', 'Roma', 'MRNEDR10B07H501R', 'CI', 'U16016', 'Questura Roma', '2026-08-07', '3333000016', '3393000016', 'Italiana'),
  ('44444444-4444-4444-4444-444444441317', '11111111-1111-1111-1111-111111111111', 'Riccardo', 'Neri', '2010-05-23', 'Roma', 'NRERCR11E23H501S', 'CI', 'U16017', 'Questura Roma', '2026-11-23', '3333000017', '3393000017', 'Italiana'),
  ('44444444-4444-4444-4444-444444441318', '11111111-1111-1111-1111-111111111111', 'Stefano', 'Rossi', '2010-07-11', 'Roma', 'RSSSFN10L11H501T', 'CI', 'U16018', 'Questura Roma', '2026-03-11', '3333000018', '3393000018', 'Italiana')
ON CONFLICT (id) DO NOTHING;

-- ROSA U16
INSERT INTO rosa (id, squadra_id, calciatore_id, numero_maglia, ruolo, stato)
SELECT 
  '55555555-5555-5555-5555-555555551301' || LPAD(sub.rownum::TEXT, 2, '0'),
  '33333333-3333-3333-3333-333333331116',
  sub.id,
  sub.maglia,
  sub.ruolo,
  'Attivo'
FROM (
  SELECT id, ROW_NUMBER() OVER () as rownum,
    CASE ROW_NUMBER() OVER ()
      WHEN 1 THEN 1 WHEN 2 THEN 2 WHEN 3 THEN 3 WHEN 4 THEN 4 WHEN 5 THEN 5
      WHEN 6 THEN 6 WHEN 7 THEN 7 WHEN 8 THEN 8 WHEN 9 THEN 9 WHEN 10 THEN 10
      WHEN 11 THEN 11 WHEN 12 THEN 12 WHEN 13 THEN 13 WHEN 14 THEN 14
      WHEN 15 THEN 15 WHEN 16 THEN 16 WHEN 17 THEN 17 WHEN 18 THEN 18
    END as maglia,
    CASE ROW_NUMBER() OVER ()
      WHEN 1 THEN 'Portiere' WHEN 2 THEN 'Difensore' WHEN 3 THEN 'Difensore'
      WHEN 4 THEN 'Difensore' WHEN 5 THEN 'Difensore' WHEN 6 THEN 'Centrocampista'
      WHEN 7 THEN 'Centrocampista' WHEN 8 THEN 'Centrocampista' WHEN 9 THEN 'Attaccante'
      WHEN 10 THEN 'Attaccante' WHEN 11 THEN 'Attaccante' WHEN 12 THEN 'Portiere'
      WHEN 13 THEN 'Difensore' WHEN 14 THEN 'Centrocampista' WHEN 15 THEN 'Centrocampista'
      WHEN 16 THEN 'Attaccante' WHEN 17 THEN 'Difensore' WHEN 18 THEN 'Centrocampista'
    END as ruolo
  FROM (VALUES
    ('44444444-4444-4444-4444-444444441301'),
    ('44444444-4444-4444-4444-444444441302'),
    ('44444444-4444-4444-4444-444444441303'),
    ('44444444-4444-4444-4444-444444441304'),
    ('44444444-4444-4444-4444-444444441305'),
    ('44444444-4444-4444-4444-444444441306'),
    ('44444444-4444-4444-4444-444444441307'),
    ('44444444-4444-4444-4444-444444441308'),
    ('44444444-4444-4444-4444-444444441309'),
    ('44444444-4444-4444-4444-444444441310'),
    ('44444444-4444-4444-4444-444444441311'),
    ('44444444-4444-4444-4444-444444441312'),
    ('44444444-4444-4444-4444-444444441313'),
    ('44444444-4444-4444-4444-444444441314'),
    ('44444444-4444-4444-4444-444444441315'),
    ('44444444-4444-4444-4444-444444441316'),
    ('44444444-4444-4444-4444-444444441317'),
    ('44444444-4444-4444-4444-444444441318')
  ) AS t(id)
) AS sub
ON CONFLICT (id) DO NOTHING;

-- ================================================================
-- 8. GIOCATORI U17 (18 giocatori - nati 2009)
-- ================================================================
INSERT INTO calciatore (id, workspace_id, nome, cognome, data_nascita, luogo_nascita, codice_fiscale, tipo_documento, numero_documento, rilasciato_da, scadenza_certificato, telefono, telefono_genitore, nazionalita)
VALUES
  ('44444444-4444-4444-4444-444444441401', '11111111-1111-1111-1111-111111111111', 'Michele', 'Esposito', '2009-04-10', 'Roma', 'SPSMCL09D10H501A', 'CI', 'U17001', 'Questura Roma', '2026-10-10', '3334000001', '3394000001', 'Italiana'),
  ('44444444-4444-4444-4444-444444441402', '11111111-1111-1111-1111-111111111111', 'Salvatore', 'Caruso', '2009-06-15', 'Roma', 'CRSSLV09F15H501B', 'CI', 'U17002', 'Questura Roma', '2026-12-15', '3334000002', '3394000002', 'Italiana'),
  ('44444444-4444-4444-4444-444444441403', '11111111-1111-1111-1111-111111111111', 'Roberto', 'Sorrentino', '2009-02-20', 'Roma', 'SRNRBT09B20H501C', 'CI', 'U17003', 'Questura Roma', '2026-08-20', '3334000003', '3394000003', 'Italiana'),
  ('44444444-4444-4444-4444-444444441404', '11111111-1111-1111-1111-111111111111', 'Giuseppe', 'De Luca', '2009-08-25', 'Roma', 'DLCGSP09M25H501D', 'CI', 'U17004', 'Questura Roma', '2026-02-25', '3334000004', '3394000004', 'Italiana'),
  ('44444444-4444-4444-4444-444444441405', '11111111-1111-1111-1111-111111111111', 'Daniele', 'Mancini', '2009-11-30', 'Roma', 'MNCDNL09S30H501E', 'CI', 'U17005', 'Questura Roma', '2026-05-30', '3334000005', '3394000005', 'Italiana'),
  ('44444444-4444-4444-4444-444444441406', '11111111-1111-1111-1111-111111111111', 'Francesco', 'Santoro', '2009-03-05', 'Roma', 'SNTFNC09C05H501F', 'CI', 'U17006', 'Questura Roma', '2026-09-05', '3334000006', '3394000006', 'Italiana'),
  ('44444444-4444-4444-4444-444444441407', '11111111-1111-1111-1111-111111111111', 'Angelo', 'Bruno', '2009-05-18', 'Roma', 'BRNNGO09E18H501G', 'CI', 'U17007', 'Questura Roma', '2026-11-18', '3334000007', '3394000007', 'Italiana'),
  ('44444444-4444-4444-4444-444444441408', '11111111-1111-1111-1111-111111111111', 'Alberto', 'Rizzo', '2009-07-22', 'Roma', 'RZZALB09L22H501H', 'CI', 'U17008', 'Questura Roma', '2026-01-22', '3334000008', '3394000008', 'Italiana'),
  ('44444444-4444-4444-4444-444444441409', '11111111-1111-1111-1111-111111111111', 'Raffaele', 'Marchetti', '2009-09-12', 'Roma', 'MRCRFF09P12H501I', 'CI', 'U17009', 'Questura Roma', '2026-03-12', '3334000009', '3394000009', 'Italiana'),
  ('44444444-4444-4444-4444-444444441410', '11111111-1111-1111-1111-111111111111', 'Valentino', 'Ferretti', '2009-01-08', 'Roma', 'FRTVLT09A08H501L', 'CI', 'U17010', 'Questura Roma', '2026-07-08', '3334000010', '3394000010', 'Italiana'),
  ('44444444-4444-4444-4444-444444441411', '11111111-1111-1111-1111-111111111111', 'Emilio', 'Ferrari', '2009-12-25', 'Roma', 'FRREML09T25H501M', 'CI', 'U17011', 'Questura Roma', '2026-05-25', '3334000011', '3394000011', 'Italiana'),
  ('44444444-4444-4444-4444-444444441412', '11111111-1111-1111-1111-111111111111', 'Giacomo', 'Grasso', '2009-04-02', 'Roma', 'GRSGCM09D02H501N', 'CI', 'U17012', 'Questura Roma', '2026-10-02', '3334000012', '3394000012', 'Italiana'),
  ('44444444-4444-4444-4444-444444441413', '11111111-1111-1111-1111-111111111111', 'Alessio', 'Vitale', '2009-06-17', 'Roma', 'VTILSS09F17H501O', 'CI', 'U17013', 'Questura Roma', '2026-12-17', '3334000013', '3394000013', 'Italiana'),
  ('44444444-4444-4444-4444-444444441414', '11111111-1111-1111-1111-111111111111', 'Nicolo', 'Barbieri', '2009-08-28', 'Roma', 'BBRNCL09M28H501P', 'CI', 'U17014', 'Questura Roma', '2026-01-28', '3334000014', '3394000014', 'Italiana'),
  ('44444444-4444-4444-4444-444444441415', '11111111-1111-1111-1111-111111111111', 'Lorenzo', 'Colombo', '2009-10-14', 'Roma', 'CLMLRN09R14H501Q', 'CI', 'U17015', 'Questura Roma', '2026-06-14', '3334000015', '3394000015', 'Italiana'),
  ('44444444-4444-4444-4444-444444441416', '11111111-1111-1111-1111-111111111111', 'Manuel', 'Marino', '2009-02-07', 'Roma', 'MRNMNL09B07H501R', 'CI', 'U17016', 'Questura Roma', '2026-08-07', '3334000016', '3394000016', 'Italiana'),
  ('44444444-4444-4444-4444-444444441417', '11111111-1111-1111-1111-111111111111', 'Mattia', 'Neri', '2009-05-23', 'Roma', 'NREMTT09E23H501S', 'CI', 'U17017', 'Questura Roma', '2026-11-23', '3334000017', '3394000017', 'Italiana'),
  ('44444444-4444-4444-4444-444444441418', '11111111-1111-1111-1111-111111111111', 'Fabio', 'Rossi', '2009-07-11', 'Roma', 'RSSFBO09L11H501T', 'CI', 'U17018', 'Questura Roma', '2026-03-11', '3334000018', '3394000018', 'Italiana')
ON CONFLICT (id) DO NOTHING;

-- ROSA U17
INSERT INTO rosa (id, squadra_id, calciatore_id, numero_maglia, ruolo, stato)
SELECT 
  '55555555-5555-5555-5555-555555551401' || LPAD(sub.rownum::TEXT, 2, '0'),
  '33333333-3333-3333-3333-333333331117',
  sub.id,
  sub.maglia,
  sub.ruolo,
  'Attivo'
FROM (
  SELECT id, ROW_NUMBER() OVER () as rownum,
    CASE ROW_NUMBER() OVER ()
      WHEN 1 THEN 1 WHEN 2 THEN 2 WHEN 3 THEN 3 WHEN 4 THEN 4 WHEN 5 THEN 5
      WHEN 6 THEN 6 WHEN 7 THEN 7 WHEN 8 THEN 8 WHEN 9 THEN 9 WHEN 10 THEN 10
      WHEN 11 THEN 11 WHEN 12 THEN 12 WHEN 13 THEN 13 WHEN 14 THEN 14
      WHEN 15 THEN 15 WHEN 16 THEN 16 WHEN 17 THEN 17 WHEN 18 THEN 18
    END as maglia,
    CASE ROW_NUMBER() OVER ()
      WHEN 1 THEN 'Portiere' WHEN 2 THEN 'Difensore' WHEN 3 THEN 'Difensore'
      WHEN 4 THEN 'Difensore' WHEN 5 THEN 'Difensore' WHEN 6 THEN 'Centrocampista'
      WHEN 7 THEN 'Centrocampista' WHEN 8 THEN 'Centrocampista' WHEN 9 THEN 'Attaccante'
      WHEN 10 THEN 'Attaccante' WHEN 11 THEN 'Attaccante' WHEN 12 THEN 'Portiere'
      WHEN 13 THEN 'Difensore' WHEN 14 THEN 'Centrocampista' WHEN 15 THEN 'Centrocampista'
      WHEN 16 THEN 'Attaccante' WHEN 17 THEN 'Difensore' WHEN 18 THEN 'Centrocampista'
    END as ruolo
  FROM (VALUES
    ('44444444-4444-4444-4444-444444441401'),
    ('44444444-4444-4444-4444-444444441402'),
    ('44444444-4444-4444-4444-444444441403'),
    ('44444444-4444-4444-4444-444444441404'),
    ('44444444-4444-4444-4444-444444441405'),
    ('44444444-4444-4444-4444-444444441406'),
    ('44444444-4444-4444-4444-444444441407'),
    ('44444444-4444-4444-4444-444444441408'),
    ('44444444-4444-4444-4444-444444441409'),
    ('44444444-4444-4444-4444-444444441410'),
    ('44444444-4444-4444-4444-444444441411'),
    ('44444444-4444-4444-4444-444444441412'),
    ('44444444-4444-4444-4444-444444441413'),
    ('44444444-4444-4444-4444-444444441414'),
    ('44444444-4444-4444-4444-444444441415'),
    ('44444444-4444-4444-4444-444444441416'),
    ('44444444-4444-4444-4444-444444441417'),
    ('44444444-4444-4444-4444-444444441418')
  ) AS t(id)
) AS sub
ON CONFLICT (id) DO NOTHING;

-- ================================================================
-- 9. GIOCATORI U18 (18 giocatori - nati 2008)
-- ================================================================
INSERT INTO calciatore (id, workspace_id, nome, cognome, data_nascita, luogo_nascita, codice_fiscale, tipo_documento, numero_documento, rilasciato_da, scadenza_certificato, telefono, telefono_genitore, nazionalita)
VALUES
  ('44444444-4444-4444-4444-444444441501', '11111111-1111-1111-1111-111111111111', 'Alessandro', 'Esposito', '2008-03-15', 'Roma', 'SPSLSN08C15H501A', 'CI', 'U18001', 'Questura Roma', '2026-09-15', '3335000001', '3395000001', 'Italiana'),
  ('44444444-4444-4444-4444-444444441502', '11111111-1111-1111-1111-111111111111', 'Lorenzo', 'Caruso', '2008-05-22', 'Roma', 'CRSLRN08E22H501B', 'CI', 'U18002', 'Questura Roma', '2026-11-22', '3335000002', '3395000002', 'Italiana'),
  ('44444444-4444-4444-4444-444444441503', '11111111-1111-1111-1111-111111111111', 'Mattia', 'Sorrentino', '2008-01-10', 'Roma', 'SRNMTT08A10H501C', 'CI', 'U18003', 'Questura Roma', '2026-07-10', '3335000003', '3395000003', 'Italiana'),
  ('44444444-4444-4444-4444-444444441504', '11111111-1111-1111-1111-111111111111', 'Davide', 'De Luca', '2008-07-08', 'Roma', 'DLCDVD08L08H501D', 'CI', 'U18004', 'Questura Roma', '2026-01-08', '3335000004', '3395000004', 'Italiana'),
  ('44444444-4444-4444-4444-444444441505', '11111111-1111-1111-1111-111111111111', 'Federico', 'Mancini', '2008-02-28', 'Roma', 'MNCFDR08B28H501E', 'CI', 'U18005', 'Questura Roma', '2026-08-28', '3335000005', '3395000005', 'Italiana'),
  ('44444444-4444-4444-4444-444444441506', '11111111-1111-1111-1111-111111111111', 'Tommaso', 'Santoro', '2008-09-14', 'Roma', 'SNTTMS08P14H501F', 'CI', 'U18006', 'Questura Roma', '2026-03-14', '3335000006', '3395000006', 'Italiana'),
  ('44444444-4444-4444-4444-444444441507', '11111111-1111-1111-1111-111111111111', 'Andrea', 'Bruno', '2008-04-19', 'Roma', 'BRNNDR08D19H501G', 'CI', 'U18007', 'Questura Roma', '2026-10-19', '3335000007', '3395000007', 'Italiana'),
  ('44444444-4444-4444-4444-444444441508', '11111111-1111-1111-1111-111111111111', 'Simone', 'Rizzo', '2008-11-03', 'Roma', 'RCCSMN08S03H501H', 'CI', 'U18008', 'Questura Roma', '2026-05-03', '3335000008', '3395000008', 'Italiana'),
  ('44444444-4444-4444-4444-444444441509', '11111111-1111-1111-1111-111111111111', 'Gabriele', 'Marchetti', '2008-06-25', 'Roma', 'MRCGBR08F25H501I', 'CI', 'U18009', 'Questura Roma', '2026-11-25', '3335000009', '3395000009', 'Italiana'),
  ('44444444-4444-4444-4444-444444441510', '11111111-1111-1111-1111-111111111111', 'Filippo', 'Ferretti', '2008-08-12', 'Roma', 'FRTFLP08M12H501L', 'CI', 'U18010', 'Questura Roma', '2026-01-12', '3335000010', '3395000010', 'Italiana'),
  ('44444444-4444-4444-4444-444444441511', '11111111-1111-1111-1111-111111111111', 'Samuele', 'Ferrari', '2008-12-05', 'Roma', 'FRRSML08T05H501M', 'CI', 'U18011', 'Questura Roma', '2026-05-05', '3335000011', '3395000011', 'Italiana'),
  ('44444444-4444-4444-4444-444444441512', '11111111-1111-1111-1111-111111111111', 'Leonardo', 'Grasso', '2008-03-30', 'Roma', 'GRSLNR08C30H501N', 'CI', 'U18012', 'Questura Roma', '2026-09-30', '3335000012', '3395000012', 'Italiana'),
  ('44444444-4444-4444-4444-444444441513', '11111111-1111-1111-1111-111111111111', 'Edoardo', 'Vitale', '2008-10-18', 'Roma', 'VTLEDR08R18H501O', 'CI', 'U18013', 'Questura Roma', '2026-04-18', '3335000013', '3395000013', 'Italiana'),
  ('44444444-4444-4444-4444-444444441514', '11111111-1111-1111-1111-111111111111', 'Riccardo', 'Barbieri', '2008-01-22', 'Roma', 'BBRRCR08A22H501P', 'CI', 'U18014', 'Questura Roma', '2026-07-22', '3335000014', '3395000014', 'Italiana'),
  ('44444444-4444-4444-4444-444444441515', '11111111-1111-1111-1111-111111111111', 'Stefano', 'Colombo', '2008-07-09', 'Roma', 'CLMSFN08L09H501Q', 'CI', 'U18015', 'Questura Roma', '2026-01-09', '3335000015', '3395000015', 'Italiana'),
  ('44444444-4444-4444-4444-444444441516', '11111111-1111-1111-1111-111111111111', 'Manuel', 'Marino', '2008-05-14', 'Roma', 'MRNMNL08E14H501R', 'CI', 'U18016', 'Questura Roma', '2026-09-14', '3335000016', '3395000016', 'Italiana'),
  ('44444444-4444-4444-4444-444444441517', '11111111-1111-1111-1111-111111111111', 'Christian', 'Neri', '2008-09-28', 'Roma', 'NRECRT08P28H501S', 'CI', 'U18017', 'Questura Roma', '2026-03-28', '3335000017', '3395000017', 'Italiana'),
  ('44444444-4444-4444-4444-444444441518', '11111111-1111-1111-1111-111111111111', 'Kevin', 'Rossi', '2008-02-11', 'Roma', 'RSSKVN08B11H501T', 'CI', 'U18018', 'Questura Roma', '2026-10-11', '3335000018', '3395000018', 'Italiana')
ON CONFLICT (id) DO NOTHING;

-- ROSA U18
INSERT INTO rosa (id, squadra_id, calciatore_id, numero_maglia, ruolo, stato)
SELECT 
  '55555555-5555-5555-5555-555555551501' || LPAD(sub.rownum::TEXT, 2, '0'),
  '33333333-3333-3333-3333-333333331118',
  sub.id,
  sub.maglia,
  sub.ruolo,
  'Attivo'
FROM (
  SELECT id, ROW_NUMBER() OVER () as rownum,
    CASE ROW_NUMBER() OVER ()
      WHEN 1 THEN 1 WHEN 2 THEN 2 WHEN 3 THEN 3 WHEN 4 THEN 4 WHEN 5 THEN 5
      WHEN 6 THEN 6 WHEN 7 THEN 7 WHEN 8 THEN 8 WHEN 9 THEN 9 WHEN 10 THEN 10
      WHEN 11 THEN 11 WHEN 12 THEN 12 WHEN 13 THEN 13 WHEN 14 THEN 14
      WHEN 15 THEN 15 WHEN 16 THEN 16 WHEN 17 THEN 17 WHEN 18 THEN 18
    END as maglia,
    CASE ROW_NUMBER() OVER ()
      WHEN 1 THEN 'Portiere' WHEN 2 THEN 'Difensore' WHEN 3 THEN 'Difensore'
      WHEN 4 THEN 'Difensore' WHEN 5 THEN 'Difensore' WHEN 6 THEN 'Centrocampista'
      WHEN 7 THEN 'Centrocampista' WHEN 8 THEN 'Centrocampista' WHEN 9 THEN 'Attaccante'
      WHEN 10 THEN 'Attaccante' WHEN 11 THEN 'Attaccante' WHEN 12 THEN 'Portiere'
      WHEN 13 THEN 'Difensore' WHEN 14 THEN 'Centrocampista' WHEN 15 THEN 'Centrocampista'
      WHEN 16 THEN 'Attaccante' WHEN 17 THEN 'Difensore' WHEN 18 THEN 'Centrocampista'
    END as ruolo
  FROM (VALUES
    ('44444444-4444-4444-4444-444444441501'),
    ('44444444-4444-4444-4444-444444441502'),
    ('44444444-4444-4444-4444-444444441503'),
    ('44444444-4444-4444-4444-444444441504'),
    ('44444444-4444-4444-4444-444444441505'),
    ('44444444-4444-4444-4444-444444441506'),
    ('44444444-4444-4444-4444-444444441507'),
    ('44444444-4444-4444-4444-444444441508'),
    ('44444444-4444-4444-4444-444444441509'),
    ('44444444-4444-4444-4444-444444441510'),
    ('44444444-4444-4444-4444-444444441511'),
    ('44444444-4444-4444-4444-444444441512'),
    ('44444444-4444-4444-4444-444444441513'),
    ('44444444-4444-4444-4444-444444441514'),
    ('44444444-4444-4444-4444-444444441515'),
    ('44444444-4444-4444-4444-444444441516'),
    ('44444444-4444-4444-4444-444444441517'),
    ('44444444-4444-4444-4444-444444441518')
  ) AS t(id)
) AS sub
ON CONFLICT (id) DO NOTHING;

-- ================================================================
-- 10. GIOCATORI U19 (18 giocatori - nati 2007)
-- ================================================================
INSERT INTO calciatore (id, workspace_id, nome, cognome, data_nascita, luogo_nascita, codice_fiscale, tipo_documento, numero_documento, rilasciato_da, scadenza_certificato, telefono, telefono_genitore, nazionalita)
VALUES
  ('44444444-4444-4444-4444-444444441601', '11111111-1111-1111-1111-111111111111', 'Marco', 'Esposito', '2007-04-10', 'Roma', 'SPSMRC07D10H501A', 'CI', 'U19001', 'Questura Roma', '2026-10-10', '3336000001', '3396000001', 'Italiana'),
  ('44444444-4444-4444-4444-444444441602', '11111111-1111-1111-1111-111111111111', 'Fabio', 'Caruso', '2007-06-15', 'Roma', 'CRSFBO07F15H501B', 'CI', 'U19002', 'Questura Roma', '2026-12-15', '3336000002', '3396000002', 'Italiana'),
  ('44444444-4444-4444-4444-444444441603', '11111111-1111-1111-1111-111111111111', 'Paolo', 'Sorrentino', '2007-02-20', 'Roma', 'SRNPLO07B20H501C', 'CI', 'U19003', 'Questura Roma', '2026-08-20', '3336000003', '3396000003', 'Italiana'),
  ('44444444-4444-4444-4444-444444441604', '11111111-1111-1111-1111-111111111111', 'Giovanni', 'De Luca', '2007-08-25', 'Roma', 'DLCGNN07M25H501D', 'CI', 'U19004', 'Questura Roma', '2026-02-25', '3336000004', '3396000004', 'Italiana'),
  ('44444444-4444-4444-4444-444444441605', '11111111-1111-1111-1111-111111111111', 'Alessandro', 'Mancini', '2007-11-30', 'Roma', 'MNCLSS07S30H501E', 'CI', 'U19005', 'Questura Roma', '2026-05-30', '3336000005', '3396000005', 'Italiana'),
  ('44444444-4444-4444-4444-444444441606', '11111111-1111-1111-1111-111111111111', 'Luca', 'Santoro', '2007-03-05', 'Roma', 'SNTLCA07C05H501F', 'CI', 'U19006', 'Questura Roma', '2026-09-05', '3336000006', '3396000006', 'Italiana'),
  ('44444444-4444-4444-4444-444444441607', '11111111-1111-1111-1111-111111111111', 'Andrea', 'Bruno', '2007-05-18', 'Roma', 'BRNNDR07E18H501G', 'CI', 'U19007', 'Questura Roma', '2026-11-18', '3336000007', '3396000007', 'Italiana'),
  ('44444444-4444-4444-4444-444444441608', '11111111-1111-1111-1111-111111111111', 'Matteo', 'Rizzo', '2007-07-22', 'Roma', 'RZZMTT07L22H501H', 'CI', 'U19008', 'Questura Roma', '2026-01-22', '3336000008', '3396000008', 'Italiana'),
  ('44444444-4444-4444-4444-444444441609', '11111111-1111-1111-1111-111111111111', 'Davide', 'Marchetti', '2007-09-12', 'Roma', 'MRCDVD07P12H501I', 'CI', 'U19009', 'Questura Roma', '2026-03-12', '3336000009', '3396000009', 'Italiana'),
  ('44444444-4444-4444-4444-444444441610', '11111111-1111-1111-1111-111111111111', 'Federico', 'Ferretti', '2007-01-08', 'Roma', 'FRTFDR07A08H501L', 'CI', 'U19010', 'Questura Roma', '2026-07-08', '3336000010', '3396000010', 'Italiana'),
  ('44444444-4444-4444-4444-444444441611', '11111111-1111-1111-1111-111111111111', 'Simone', 'Ferrari', '2007-12-25', 'Roma', 'FRRSMN07T25H501M', 'CI', 'U19011', 'Questura Roma', '2026-05-25', '3336000011', '3396000011', 'Italiana'),
  ('44444444-4444-4444-4444-444444441612', '11111111-1111-1111-1111-111111111111', 'Gabriele', 'Grasso', '2007-04-02', 'Roma', 'GRSGBR07D02H501N', 'CI', 'U19012', 'Questura Roma', '2026-10-02', '3336000012', '3396000012', 'Italiana'),
  ('44444444-4444-4444-4444-444444441613', '11111111-1111-1111-1111-111111111111', 'Filippo', 'Vitale', '2007-06-17', 'Roma', 'VTIFLP07F17H501O', 'CI', 'U19013', 'Questura Roma', '2026-12-17', '3336000013', '3396000013', 'Italiana'),
  ('44444444-4444-4444-4444-444444441614', '11111111-1111-1111-1111-111111111111', 'Samuele', 'Barbieri', '2007-08-28', 'Roma', 'BBRSML07M28H501P', 'CI', 'U19014', 'Questura Roma', '2026-01-28', '3336000014', '3396000014', 'Italiana'),
  ('44444444-4444-4444-4444-444444441615', '11111111-1111-1111-1111-111111111111', 'Tommaso', 'Colombo', '2007-10-14', 'Roma', 'CLMTMS07R14H501Q', 'CI', 'U19015', 'Questura Roma', '2026-06-14', '3336000015', '3396000015', 'Italiana'),
  ('44444444-4444-4444-4444-444444441616', '11111111-1111-1111-1111-111111111111', 'Edoardo', 'Marino', '2007-02-07', 'Roma', 'MRNEDR07B07H501R', 'CI', 'U19016', 'Questura Roma', '2026-09-07', '3336000016', '3396000016', 'Italiana'),
  ('44444444-4444-4444-4444-444444441617', '11111111-1111-1111-1111-111111111111', 'Riccardo', 'Neri', '2007-05-23', 'Roma', 'NRERCR07E23H501S', 'CI', 'U19017', 'Questura Roma', '2026-11-23', '3336000017', '3396000017', 'Italiana'),
  ('44444444-4444-4444-4444-444444441618', '11111111-1111-1111-1111-111111111111', 'Stefano', 'Rossi', '2007-07-11', 'Roma', 'RSSSFN07L11H501T', 'CI', 'U19018', 'Questura Roma', '2026-07-11', '3336000018', '3396000018', 'Italiana')
ON CONFLICT (id) DO NOTHING;

-- ROSA U19
INSERT INTO rosa (id, squadra_id, calciatore_id, numero_maglia, ruolo, stato)
SELECT 
  '55555555-5555-5555-5555-555555551601' || LPAD(sub.rownum::TEXT, 2, '0'),
  '33333333-3333-3333-3333-333333331119',
  sub.id,
  sub.maglia,
  sub.ruolo,
  'Attivo'
FROM (
  SELECT id, ROW_NUMBER() OVER () as rownum,
    CASE ROW_NUMBER() OVER ()
      WHEN 1 THEN 1 WHEN 2 THEN 2 WHEN 3 THEN 3 WHEN 4 THEN 4 WHEN 5 THEN 5
      WHEN 6 THEN 6 WHEN 7 THEN 7 WHEN 8 THEN 8 WHEN 9 THEN 9 WHEN 10 THEN 10
      WHEN 11 THEN 11 WHEN 12 THEN 12 WHEN 13 THEN 13 WHEN 14 THEN 14
      WHEN 15 THEN 15 WHEN 16 THEN 16 WHEN 17 THEN 17 WHEN 18 THEN 18
    END as maglia,
    CASE ROW_NUMBER() OVER ()
      WHEN 1 THEN 'Portiere' WHEN 2 THEN 'Difensore' WHEN 3 THEN 'Difensore'
      WHEN 4 THEN 'Difensore' WHEN 5 THEN 'Difensore' WHEN 6 THEN 'Centrocampista'
      WHEN 7 THEN 'Centrocampista' WHEN 8 THEN 'Centrocampista' WHEN 9 THEN 'Attaccante'
      WHEN 10 THEN 'Attaccante' WHEN 11 THEN 'Attaccante' WHEN 12 THEN 'Portiere'
      WHEN 13 THEN 'Difensore' WHEN 14 THEN 'Centrocampista' WHEN 15 THEN 'Centrocampista'
      WHEN 16 THEN 'Attaccante' WHEN 17 THEN 'Difensore' WHEN 18 THEN 'Centrocampista'
    END as ruolo
  FROM (VALUES
    ('44444444-4444-4444-4444-444444441601'),
    ('44444444-4444-4444-4444-444444441602'),
    ('44444444-4444-4444-4444-444444441603'),
    ('44444444-4444-4444-4444-444444441604'),
    ('44444444-4444-4444-4444-444444441605'),
    ('44444444-4444-4444-4444-444444441606'),
    ('44444444-4444-4444-4444-444444441607'),
    ('44444444-4444-4444-4444-444444441608'),
    ('44444444-4444-4444-4444-444444441609'),
    ('44444444-4444-4444-4444-444444441610'),
    ('44444444-4444-4444-4444-444444441611'),
    ('44444444-4444-4444-4444-444444441612'),
    ('44444444-4444-4444-4444-444444441613'),
    ('44444444-4444-4444-4444-444444441614'),
    ('44444444-4444-4444-4444-444444441615'),
    ('44444444-4444-4444-4444-444444441616'),
    ('44444444-4444-4444-4444-444444441617'),
    ('44444444-4444-4444-4444-444444441618')
  ) AS t(id)
) AS sub
ON CONFLICT (id) DO NOTHING;

-- ================================================================
-- 11. PARTITE U14 (10 andata + 10 ritorno)
-- ================================================================
INSERT INTO partita (id, squadra_id, data_ora, avversario, luogo, competizione, giornata, risultato_casa, risultato_trasferta, gol_casa, gol_trasferta, archiviata)
VALUES
  ('66666666-6666-6666-6666-66666666111401', '33333333-3333-3333-3333-333333331114', '2025-09-14T15:00:00+00:00', 'ASD Azzurri Roma', 'Casa', 'Campionato U14 Girone A', 1, 3, 1, 3, 1, true),
  ('66666666-6666-6666-6666-66666666111402', '33333333-3333-3333-3333-333333331114', '2025-09-21T15:00:00+00:00', 'FC Torres', 'Trasferta', 'Campionato U14 Girone A', 2, 0, 2, 0, 2, true),
  ('66666666-6666-6666-6666-66666666111403', '33333333-3333-3333-3333-333333331114', '2025-09-28T15:00:00+00:00', 'Juventus Academy', 'Casa', 'Campionato U14 Girone A', 3, 2, 2, 2, 2, true),
  ('66666666-6666-6666-6666-66666666111404', '33333333-3333-3333-3333-333333331114', '2025-10-05T15:00:00+00:00', 'Inter Youth', 'Trasferta', 'Campionato U14 Girone A', 4, 1, 4, 1, 4, true),
  ('66666666-6666-6666-6666-66666666111405', '33333333-3333-3333-3333-333333331114', '2025-10-12T15:00:00+00:00', 'Milan Junior', 'Casa', 'Campionato U14 Girone A', 5, 5, 0, 5, 0, true),
  ('66666666-6666-6666-6666-66666666111406', '33333333-3333-3333-3333-333333331114', '2025-10-19T15:00:00+00:00', 'Roma Academy', 'Trasferta', 'Campionato U14 Girone A', 6, 2, 3, 2, 3, true),
  ('66666666-6666-6666-6666-66666666111407', '33333333-3333-3333-3333-333333331114', '2025-10-26T15:00:00+00:00', 'Lazio Youth', 'Casa', 'Campionato U14 Girone A', 7, 4, 1, 4, 1, true),
  ('66666666-6666-6666-6666-66666666111408', '33333333-3333-3333-3333-333333331114', '2025-11-02T15:00:00+00:00', 'Fiorentina Academy', 'Trasferta', 'Campionato U14 Girone A', 8, 1, 1, 1, 1, true),
  ('66666666-6666-6666-6666-66666666111409', '33333333-3333-3333-3333-333333331114', '2025-11-09T15:00:00+00:00', 'Napoli Youth', 'Casa', 'Campionato U14 Girone A', 9, 3, 2, 3, 2, true),
  ('66666666-6666-6666-6666-66666666111410', '33333333-3333-3333-3333-333333331114', '2025-11-16T15:00:00+00:00', 'Atalanta Academy', 'Trasferta', 'Campionato U14 Girone A', 10, 0, 0, 0, 0, true),
  -- Ritorno
  ('66666666-6666-6666-6666-66666666111411', '33333333-3333-3333-3333-333333331114', '2026-02-08T15:00:00+00:00', 'ASD Azzurri Roma', 'Trasferta', 'Campionato U14 Girone A', 11, NULL, NULL, NULL, NULL, false),
  ('66666666-6666-6666-6666-66666666111412', '33333333-3333-3333-3333-333333331114', '2026-02-15T15:00:00+00:00', 'FC Torres', 'Casa', 'Campionato U14 Girone A', 12, NULL, NULL, NULL, NULL, false),
  ('66666666-6666-6666-6666-66666666111413', '33333333-3333-3333-3333-333333331114', '2026-02-22T15:00:00+00:00', 'Juventus Academy', 'Trasferta', 'Campionato U14 Girone A', 13, NULL, NULL, NULL, NULL, false),
  ('66666666-6666-6666-6666-66666666111414', '33333333-3333-3333-3333-333333331114', '2026-03-01T15:00:00+00:00', 'Inter Youth', 'Casa', 'Campionato U14 Girone A', 14, NULL, NULL, NULL, NULL, false),
  ('66666666-6666-6666-6666-66666666111415', '33333333-3333-3333-3333-333333331114', '2026-03-08T15:00:00+00:00', 'Milan Junior', 'Trasferta', 'Campionato U14 Girone A', 15, NULL, NULL, NULL, NULL, false)
ON CONFLICT (id) DO NOTHING;

-- ================================================================
-- 12. PARTITE U15 (10 andata + 10 ritorno)
-- ================================================================
INSERT INTO partita (id, squadra_id, data_ora, avversario, luogo, competizione, giornata, risul-- ================================================================
-- SSD NEW TEAM - COMPLETAMENTO DATI
-- Parte 2: Partite, Eventi, Allenamenti, Utente Admin
-- ================================================================

-- ================================================================
-- PARTITE U15 (10 andata + 5 ritorno)
-- ================================================================
INSERT INTO partita (id, squadra_id, data_ora, avversario, luogo, competizione, giornata, risultato_casa, risultato_trasferta, gol_casa, gol_trasferta, archiviata)
VALUES
  ('66666666-6666-6666-6666-66666666111501', '33333333-3333-3333-3333-333333331115', '2025-09-14T15:30:00+00:00', 'ASD Diladdarno', 'Casa', 'Campionato U15 Girone B', 1, 2, 0, 2, 0, true),
  ('66666666-6666-6666-6666-66666666111502', '33333333-3333-3333-3333-333333331115', '2025-09-21T15:30:00+00:00', 'Virtus Roma', 'Trasferta', 'Campionato U15 Girone B', 2, 1, 3, 1, 3, true),
  ('66666666-6666-6666-6666-66666666111503', '33333333-3333-3333-3333-333333331115', '2025-09-28T15:30:00+00:00', 'Lodigiani', 'Casa', 'Campionato U15 Girone B', 3, 4, 1, 4, 1, true),
  ('66666666-6666-6666-6666-66666666111504', '33333333-3333-3333-3333-333333331115', '2025-10-05T15:30:00+00:00', 'Ostia Mare', 'Trasferta', 'Campionato U15 Girone B', 4, 0, 0, 0, 0, true),
  ('66666666-6666-6666-6666-66666666111505', '33333333-3333-3333-3333-333333331115', '2025-10-12T15:30:00+00:00', 'Città di Ciampino', 'Casa', 'Campionato U15 Girone B', 5, 3, 2, 3, 2, true),
  ('66666666-6666-6666-6666-66666666111506', '33333333-3333-3333-3333-333333331115', '2025-10-19T15:30:00+00:00', 'Fiumicino', 'Trasferta', 'Campionato U15 Girone B', 6, 1, 2, 1, 2, true),
  ('66666666-6666-6666-6666-66666666111507', '33333333-3333-3333-3333-333333331115', '2025-10-26T15:30:00+00:00', 'Tuscolano', 'Casa', 'Campionato U15 Girone B', 7, 5, 0, 5, 0, true),
  ('66666666-6666-6666-6666-66666666111508', '33333333-3333-3333-3333-333333331115', '2025-11-02T15:30:00+00:00', 'Anzio', 'Trasferta', 'Campionato U15 Girone B', 8, 2, 1, 2, 1, true),
  ('66666666-6666-6666-6666-66666666111509', '33333333-3333-3333-3333-333333331115', '2025-11-09T15:30:00+00:00', 'Cynthiasalon', 'Casa', 'Campionato U15 Girone B', 9, 3, 3, 3, 3, true),
  ('66666666-6666-6666-6666-66666666111510', '33333333-3333-3333-3333-333333331115', '2025-11-16T15:30:00+00:00', 'Tor Tre Teste', 'Trasferta', 'Campionato U15 Girone B', 10, 0, 1, 0, 1, true),
  -- Ritorno
  ('66666666-6666-6666-6666-66666666111511', '33333333-3333-3333-3333-333333331115', '2026-02-08T15:30:00+00:00', 'ASD Diladdarno', 'Trasferta', 'Campionato U15 Girone B', 11, NULL, NULL, NULL, NULL, false),
  ('66666666-6666-6666-6666-66666666111512', '33333333-3333-3333-3333-333333331115', '2026-02-15T15:30:00+00:00', 'Virtus Roma', 'Casa', 'Campionato U15 Girone B', 12, NULL, NULL, NULL, NULL, false),
  ('66666666-6666-6666-6666-66666666111513', '33333333-3333-3333-3333-333333331115', '2026-02-22T15:30:00+00:00', 'Lodigiani', 'Trasferta', 'Campionato U15 Girone B', 13, NULL, NULL, NULL, NULL, false),
  ('66666666-6666-6666-6666-66666666111514', '33333333-3333-3333-3333-333333331115', '2026-03-01T15:30:00+00:00', 'Ostia Mare', 'Casa', 'Campionato U15 Girone B', 14, NULL, NULL, NULL, NULL, false),
  ('66666666-6666-6666-6666-66666666111515', '33333333-3333-3333-3333-333333331115', '2026-03-08T15:30:00+00:00', 'Città di Ciampino', 'Trasferta', 'Campionato U15 Girone B', 15, NULL, NULL, NULL, NULL, false)
ON CONFLICT (id) DO NOTHING;

-- ================================================================
-- PARTITE U16 (10 andata + 5 ritorno)
-- ================================================================
INSERT INTO partita (id, squadra_id, data_ora, avversario, luogo, competizione, giornata, risultato_casa, risultato_trasferta, gol_casa, gol_trasferta, archiviata)
VALUES
  ('66666666-6666-6666-6666-66666666111601', '33333333-3333-3333-3333-333333331116', '2025-09-14T16:00:00+00:00', 'Saxulum Eur', 'Casa', 'Campionato U16 Girone C', 1, 1, 0, 1, 0, true),
  ('66666666-6666-6666-6666-66666666111602', '33333333-3333-3333-3333-333333331116', '2025-09-21T16:00:00+00:00', 'Boccea', 'Trasferta', 'Campionato U16 Girone C', 2, 2, 2, 2, 2, true),
  ('66666666-6666-6666-6666-66666666111603', '33333333-3333-3333-3333-333333331116', '2025-09-28T16:00:00+00:00', 'Trastevere', 'Casa', 'Campionato U16 Girone C', 3, 3, 1, 3, 1, true),
  ('66666666-6666-6666-6666-66666666111604', '33333333-3333-3333-3333-333333331116', '2025-10-05T16:00:00+00:00', 'Santa Maria delle Mole', 'Trasferta', 'Campionato U16 Girone C', 4, 0, 2, 0, 2, true),
  ('66666666-6666-6666-6666-66666666111605', '33333333-3333-3333-3333-333333331116', '2025-10-12T16:00:00+00:00', 'Cori', 'Casa', 'Campionato U16 Girone C', 5, 4, 0, 4, 0, true),
  ('66666666-6666-6666-6666-66666666111606', '33333333-3333-3333-3333-333333331116', '2025-10-19T16:00:00+00:00', 'Cerveteri', 'Trasferta', 'Campionato U16 Girone C', 6, 1, 3, 1, 3, true),
  ('66666666-6666-6666-6666-66666666111607', '33333333-3333-3333-3333-333333331116', '2025-10-26T16:00:00+00:00', 'Lido di Ostia', 'Casa', 'Campionato U16 Girone C', 7, 2, 1, 2, 1, true),
  ('66666666-6666-6666-6666-66666666111608', '33333333-3333-3333-3333-333333331116', '2025-11-02T16:00:00+00:00', 'Fiano Romano', 'Trasferta', 'Campionato U16 Girone C', 8, 0, 0, 0, 0, true),
  ('66666666-6666-6666-6666-66666666111609', '33333333-3333-3333-3333-333333331116', '2025-11-09T16:00:00+00:00', 'Ponte di Nona', 'Casa', 'Campionato U16 Girone C', 9, 5, 2, 5, 2, true),
  ('66666666-6666-6666-6666-66666666111610', '33333333-3333-3333-3333-333333331116', '2025-11-16T16:00:00+00:00', 'Aranova', 'Trasferta', 'Campionato U16 Girone C', 10, 1, 1, 1, 1, true),
  -- Ritorno
  ('66666666-6666-6666-6666-66666666111611', '33333333-3333-3333-3333-333333331116', '2026-02-08T16:00:00+00:00', 'Saxulum Eur', 'Trasferta', 'Campionato U16 Girone C', 11, NULL, NULL, NULL, NULL, false),
  ('66666666-6666-6666-6666-66666666111612', '33333333-3333-3333-3333-333333331116', '2026-02-15T16:00:00+00:00', 'Boccea', 'Casa', 'Campionato U16 Girone C', 12, NULL, NULL, NULL, NULL, false),
  ('66666666-6666-6666-6666-66666666111613', '33333333-3333-3333-3333-333333331116', '2026-02-22T16:00:00+00:00', 'Trastevere', 'Trasferta', 'Campionato U16 Girone C', 13, NULL, NULL, NULL, NULL, false),
  ('66666666-6666-6666-6666-66666666111614', '33333333-3333-3333-3333-333333331116', '2026-03-01T16:00:00+00:00', 'Santa Maria delle Mole', 'Casa', 'Campionato U16 Girone C', 14, NULL, NULL, NULL, NULL, false),
  ('66666666-6666-6666-6666-66666666111615', '33333333-3333-3333-3333-333333331116', '2026-03-08T16:00:00+00:00', 'Cori', 'Trasferta', 'Campionato U16 Girone C', 15, NULL, NULL, NULL, NULL, false)
ON CONFLICT (id) DO NOTHING;

-- ================================================================
-- PARTITE U17 (10 andata + 5 ritorno)
-- ================================================================
INSERT INTO partita (id, squadra_id, data_ora, avversario, luogo, competizione, giornata, risultato_casa, risultato_trasferta, gol_casa, gol_trasferta, archiviata)
VALUES
  ('66666666-6666-6666-6666-66666666111701', '33333333-3333-3333-3333-333333331117', '2025-09-14T16:30:00+00:00', 'Accademia Calcio Roma', 'Casa', 'Campionato U17 Girone D', 1, 2, 1, 2, 1, true),
  ('66666666-6666-6666-6666-66666666111702', '33333333-3333-3333-3333-333333331117', '2025-09-21T16:30:00+00:00', 'Nuova Florida', 'Trasferta', 'Campionato U17 Girone D', 2, 0, 3, 0, 3, true),
  ('66666666-6666-6666-6666-66666666111703', '33333333-3333-3333-3333-333333331117', '2025-09-28T16:30:00+00:00', 'Cavese', 'Casa', 'Campionato U17 Girone D', 3, 3, 0, 3, 0, true),
  ('66666666-6666-6666-6666-66666666111704', '33333333-3333-3333-3333-333333331117', '2025-10-05T16:30:00+00:00', 'S放着', 'Trasferta', 'Campionato U17 Girone D', 4, 1, 2, 1, 2, true),
  ('66666666-6666-6666-6666-66666666111705', '33333333-3333-3333-3333-333333331117', '2025-10-12T16:30:00+00:00', 'Fonte Nuova', 'Casa', 'Campionato U17 Girone D', 5, 4, 1, 4, 1, true),
  ('66666666-6666-6666-6666-66666666111706', '33333333-3333-3333-3333-333333331117', '2025-10-19T16:30:00+00:00', 'Città di Pomezia', 'Trasferta', 'Campionato U17 Girone D', 6, 2, 2, 2, 2, true),
  ('66666666-6666-6666-6666-66666666111707', '33333333-3333-3333-3333-333333331117', '2025-10-26T16:30:00+00:00', 'Montello', 'Casa', 'Campionato U17 Girone D', 7, 1, 0, 1, 0, true),
  ('66666666-6666-6666-6666-66666666111708', '33333333-3333-3333-3333-333333331117', '2025-11-02T16:30:00+00:00', 'Aurelia', 'Trasferta', 'Campionato U17 Girone D', 8, 3, 1, 3, 1, true),
  ('66666666-6666-6666-6666-66666666111709', '33333333-3333-3333-3333-333333331117', '2025-11-09T16:30:00+00:00', 'Tor di Quinto', 'Casa', 'Campionato U17 Girone D', 9, 0, 1, 0, 1, true),
  ('66666666-6666-6666-6666-66666666111710', '33333333-3333-3333-3333-333333331117', '2025-11-16T16:30:00+00:00', 'Vescovio', 'Trasferta', 'Campionato U17 Girone D', 10, 2, 0, 2, 0, true),
  -- Ritorno
  ('66666666-6666-6666-6666-66666666111711', '33333333-3333-3333-3333-333333331117', '2026-02-08T16:30:00+00:00', 'Accademia Calcio Roma', 'Trasferta', 'Campionato U17 Girone D', 11, NULL, NULL, NULL, NULL, false),
  ('66666666-6666-6666-6666-66666666111712', '33333333-3333-3333-3333-333333331117', '2026-02-15T16:30:00+00:00', 'Nuova Florida', 'Casa', 'Campionato U17 Girone D', 12, NULL, NULL, NULL, NULL, false),
  ('66666666-6666-6666-6666-66666666111713', '33333333-3333-3333-3333-333333331117', '2026-02-22T16:30:00+00:00', 'Cavese', 'Trasferta', 'Campionato U17 Girone D', 13, NULL, NULL, NULL, NULL, false),
  ('66666666-6666-6666-6666-66666666111714', '33333333-3333-3333-3333-333333331117', '2026-03-01T16:30:00+00:00', 'S放着', 'Casa', 'Campionato U17 Girone D', 14, NULL, NULL, NULL, NULL, false),
  ('66666666-6666-6666-6666-66666666111715', '33333333-3333-3333-3333-333333331117', '2026-03-08T16:30:00+00:00', 'Fonte Nuova', 'Trasferta', 'Campionato U17 Girone D', 15, NULL, NULL, NULL, NULL, false)
ON CONFLICT (id) DO NOTHING;

-- ================================================================
-- PARTITE U18 (10 andata + 5 ritorno)
-- ================================================================
INSERT INTO partita (id, squadra_id, data_ora, avversario, luogo, competizione, giornata, risultato_casa, risultato_trasferta, gol_casa, gol_trasferta, archiviata)
VALUES
  ('66666666-6666-6666-6666-66666666111801', '33333333-3333-3333-3333-333333331118', '2025-09-14T17:00:00+00:00', 'Campus Totti', 'Casa', 'Campionato U18 Girone E', 1, 1, 1, 1, 1, true),
  ('66666666-6666-6666-6666-66666666111802', '33333333-3333-3333-3333-333333331118', '2025-09-21T17:00:00+00:00', 'Pro Calcetto', 'Trasferta', 'Campionato U18 Girone E', 2, 2, 0, 2, 0, true),
  ('66666666-6666-6666-6666-66666666111803', '33333333-3333-3333-3333-333333331118', '2025-09-28T17:00:00+00:00', 'Real Torri', 'Casa', 'Campionato U18 Girone E', 3, 0, 1, 0, 1, true),
  ('66666666-6666-6666-6666-66666666111804', '33333333-3333-3333-3333-333333331118', '2025-10-05T17:00:00+00:00', 'Tor Sapienza', 'Trasferta', 'Campionato U18 Girone E', 4, 3, 2, 3, 2, true),
  ('66666666-6666-6666-6666-66666666111805', '33333333-3333-3333-3333-333333331118', '2025-10-12T17:00:00+00:00', 'Vis Aurelia', 'Casa', 'Campionato U18 Girone E', 5, 1, 0, 1, 0, true),
  ('66666666-6666-6666-6666-66666666111806', '33333333-3333-3333-3333-333333331118', '2025-10-19T17:00:00+00:00', 'Atletico 2000', 'Trasferta', 'Campionato U18 Girone E', 6, 0, 2, 0, 2, true),
  ('66666666-6666-6666-6666-66666666111807', '33333333-3333-3333-3333-333333331118', '2025-10-26T17:00:00+00:00', 'Sporting Pomezia', 'Casa', 'Campionato U18 Girone E', 7, 4, 1, 4, 1, true),
  ('66666666-6666-6666-6666-66666666111808', '33333333-3333-3333-3333-333333331118', '2025-11-02T17:00:00+00:00', 'Città di Albano', 'Trasferta', 'Campionato U18 Girone E', 8, 2, 2, 2, 2, true),
  ('66666666-6666-6666-6666-66666666111809', '33333333-3333-3333-3333-333333331118', '2025-11-09T17:00:00+00:00', 'Furiani', 'Casa', 'Campionato U18 Girone E', 9, 3, 0, 3, 0, true),
  ('66666666-6666-6666-6666-66666666111810', '33333333-3333-3333-3333-333333331118', '2025-11-16T17:00:00+00:00', 'Selinunte', 'Trasferta', 'Campionato U18 Girone E', 10, 1, 1, 1, 1, true),
  -- Ritorno
  ('66666666-6666-6666-6666-66666666111811', '33333333-3333-3333-3333-333333331118', '2026-02-08T17:00:00+00:00', 'Campus Totti', 'Trasferta', 'Campionato U18 Girone E', 11, NULL, NULL, NULL, NULL, false),
  ('66666666-6666-6666-6666-66666666111812', '33333333-3333-3333-3333-333333331118', '2026-02-15T17:00:00+00:00', 'Pro Calcetto', 'Casa', 'Campionato U18 Girone E', 12, NULL, NULL, NULL, NULL, false),
  ('66666666-6666-6666-6666-66666666111813', '33333333-3333-3333-3333-333333331118', '2026-02-22T17:00:00+00:00', 'Real Torri', 'Trasferta', 'Campionato U18 Girone E', 13, NULL, NULL, NULL, NULL, false),
  ('66666666-6666-6666-6666-66666666111814', '33333333-3333-3333-3333-333333331118', '2026-03-01T17:00:00+00:00', 'Tor Sapienza', 'Casa', 'Campionato U18 Girone E', 14, NULL, NULL, NULL, NULL, false),
  ('66666666-6666-6666-6666-66666666111815', '33333333-3333-3333-3333-333333331118', '2026-03-08T17:00:00+00:00', 'Vis Aurelia', 'Trasferta', 'Campionato U18 Girone E', 15, NULL, NULL, NULL, NULL, false)
ON CONFLICT (id) DO NOTHING;

-- ================================================================
-- PARTITE U19 (10 andata + 5 ritorno)
-- ================================================================
INSERT INTO partita (id, squadra_id, data_ora, avversario, luogo, competizione, giornata, risultato_casa, risultato_trasferta, gol_casa, gol_trasferta, archiviata)
VALUES
  ('66666666-6666-6666-6666-66666666111901', '33333333-3333-3333-3333-333333331119', '2025-09-14T17:30:00+00:00', 'Città di Ciampino', 'Casa', 'Campionato U19 Girone F', 1, 2, 0, 2, 0, true),
  ('66666666-6666-6666-6666-66666666111902', '33333333-3333-3333-3333-333333331119', '2025-09-21T17:30:00+00:00', 'W3 Pomezia', 'Trasferta', 'Campionato U19 Girone F', 2, 1, 1, 1, 1, true),
  ('66666666-6666-6666-6666-66666666111903', '33333333-3333-3333-3333-333333331119', '2025-09-28T17:30:00+00:00', 'Tor di Quinto', 'Casa', 'Campionato U19 Girone F', 3, 0, 2, 0, 2, true),
  ('66666666-6666-6666-6666-66666666111904', '33333333-3333-3333-3333-333333331119', '2025-10-05T17:30:00+00:00', 'Santa Maria delle Mole', 'Trasferta', 'Campionato U19 Girone F', 4, 3, 1, 3, 1, true),
  ('66666666-6666-6666-6666-66666666111905', '33333333-3333-3333-3333-333333331119', '2025-10-12T17:30:00+00:00', 'Furiani', 'Casa', 'Campionato U19 Girone F', 5, 1, 0, 1, 0, true),
  ('66666666-6666-6666-6666-66666666111906', '33333333-3333-3333-3333-333333331119', '2025-10-19T17:30:00+00:00', 'Atletico 2000', 'Trasferta', 'Campionato U19 Girone F', 6, 0, 3, 0, 3, true),
  ('66666666-6666-6666-6666-66666666111907', '33333333-3333-3333-3333-333333331119', '2025-10-26T17:30:00+00:00', 'Lido di Ostia', 'Casa', 'Campionato U19 Girone F', 7, 2, 1, 2, 1, true),
  ('66666666-6666-6666-6666-66666666111908', '33333333-3333-3333-3333-333333331119', '2025-11-02T17:30:00+00:00', 'Accademia Calcio Roma', 'Trasferta', 'Campionato U19 Girone F', 8, 1, 2, 1, 2, true),
  ('66666666-6666-6666-6666-66666666111909', '33333333-3333-3333-3333-333333331119', '2025-11-09T17:30:00+00:00', 'Montello', 'Casa', 'Campionato U19 Girone F', 9, 4, 0, 4, 0, true),
  ('66666666-6666-6666-6666-66666666111910', '33333333-3333-3333-3333-333333331119', '2025-11-16T17:30:00+00:00', 'Cerveteri', 'Trasferta', 'Campionato U19 Girone F', 10, 0, 0, 0, 0, true),
  -- Ritorno
  ('66666666-6666-6666-6666-66666666111911', '33333333-3333-3333-3333-333333331119', '2026-02-08T17:30:00+00:00', 'Città di Ciampino', 'Trasferta', 'Campionato U19 Girone F', 11, NULL, NULL, NULL, NULL, false),
  ('66666666-6666-6666-6666-6666-666666611912', '33333333-3333-3333-3333-333333331119', '2026-02-15T17:30:00+00:00', 'W3 Pomezia', 'Casa', 'Campionato U19 Girone F', 12, NULL, NULL, NULL, NULL, false),
  ('66666666-6666-6666-6666-66666666111913', '33333333-3333-3333-3333-333333331119', '2026-02-22T17:30:00+00:00', 'Tor di Quinto', 'Trasferta', 'Campionato U19 Girone F', 13, NULL, NULL, NULL, NULL, false),
  ('66666666-6666-6666-6666-66666666111914', '33333333-3333-3333-3333-333333331119', '2026-03-01T17:30:00+00:00', 'Santa Maria delle Mole', 'Casa', 'Campionato U19 Girone F', 14, NULL, NULL, NULL, NULL, false),
  ('66666666-6666-6666-6666-66666666111915', '33333333-3333-3333-3333-333333331119', '2026-03-08T17:30:00+00:00', 'Furiani', 'Trasferta', 'Campionato U19 Girone F', 15, NULL, NULL, NULL, NULL, false)
ON CONFLICT (id) DO NOTHING;

-- ================================================================
-- EVENTI PARTITE U14 (gol, assist, cartellini)
-- ================================================================
INSERT INTO evento_partita (id, partita_id, tipo_evento_codice, calciatore_principale_id, calciatore_secondario_id, minuto, tempo)
VALUES
  -- Partita 1: New Team 3-1 Azzurri
  ('77777777-7777-7777-7777-77777777111401', '66666666-6666-6666-6666-66666666111401', 'GOAL', '44444444-4444-4444-4444-444444441109', '44444444-4444-4444-4444-444444441107', 15, 1),
  ('77777777-7777-7777-7777-77777777111402', '66666666-6666-6666-6666-66666666111401', 'GOAL', '44444444-4444-4444-4444-444444441110', NULL, 32, 1),
  ('77777777-7777-7777-7777-77777777111403', '66666666-6666-6666-6666-66666666111401', 'ASSIST', '44444444-4444-4444-4444-444444441109', NULL, 32, 1),
  ('77777777-7777-7777-7777-77777777111404', '66666666-6666-6666-6666-66666666111401', 'YELLOW', '44444444-4444-4444-4444-444444441105', NULL, 45, 1),
  ('77777777-7777-7777-7777-77777777111405', '66666666-6666-6666-6666-66666666111401', 'GOAL', '44444444-4444-4444-4444-444444441111', '44444444-4444-4444-4444-444444441108', 68, 2),
  
  -- Partita 3: New Team 2-2 Juventus
  ('77777777-7777-7777-7777-77777777111406', '66666666-6666-6666-6666-66666666111403', 'GOAL', '44444444-4444-4444-4444-444444441109', '44444444-4444-4444-4444-444444441106', 22, 1),
  ('77777777-7777-7777-7777-77777777111407', '66666666-6666-6666-6666-66666666111403', 'GOAL', '44444444-4444-4444-4444-444444441110', NULL, 55, 2),
  ('77777777-7777-7777-7777-77777777111408', '66666666-6666-6666-6666-66666666111403', 'YELLOW', '44444444-4444-4444-4444-444444441103', NULL, 40, 1),
  
  -- Partita 5: New Team 5-0 Milan
  ('77777777-7777-7777-7777-77777777111409', '66666666-6666-6666-6666-66666666111405', 'GOAL', '44444444-4444-4444-4444-444444441109', '44444444-4444-4444-4444-444444441107', 10, 1),
  ('77777777-7777-7777-7777-77777777111410', '66666666-6666-6666-6666-66666666111405', 'GOAL', '44444444-4444-4444-4444-444444441110', NULL, 25, 1),
  ('77777777-7777-7777-7777-77777777111411', '66666666-6666-6666-6666-66666666111405', 'GOAL', '44444444-4444-4444-4444-444444441111', '44444444-4444-4444-4444-444444441108', 38, 1),
  ('77777777-7777-7777-7777-77777777111412', '66666666-6666-6666-6666-66666666111405', 'GOAL', '44444444-4444-4444-4444-444444441116', NULL, 52, 2),
  ('77777777-7777-7777-7777-77777777111413', '66666666-6666-6666-6666-66666666111405', 'GOAL', '44444444-4444-4444-4444-444444441109', NULL, 65, 2),
  
  -- Partita 7: New Team 4-1 Lazio
  ('77777777-7777-7777-7777-77777777111414', '66666666-6666-6666-6666-66666666111407', 'GOAL', '44444444-4444-4444-4444-444444441110', '44444444-4444-4444-4444-444444441109', 12, 1),
  ('77777777-7777-7777-7777-77777777111415', '66666666-6666-6666-6666-66666666111407', 'GOAL', '44444444-4444-4444-4444-444444441111', NULL, 30, 1),
  ('77777777-7777-7777-7777-77777777111416', '66666666-6666-6666-6666-66666666111407', 'YELLOW', '44444444-4444-4444-4444-444444441102', NULL, 45, 1),
  ('77777777-7777-7777-7777-77777777111417', '66666666-6666-6666-6666-66666666111407', 'GOAL', '44444444-4444-4444-4444-444444441109', '44444444-4444-4444-4444-444444441106', 58, 2),
  ('77777777-7777-7777-7777-77777777111418', '66666666-6666-6666-6666-66666666111407', 'GOAL', '44444444-4444-4444-4444-444444441110', NULL, 72, 2),
  ('77777777-7777-7777-7777-77777777111419', '66666666-6666-6666-6666-66666666111407', 'RED', '44444444-4444-4444-4444-444444441113', NULL, 80, 2),
  
  -- Partita 9: New Team 3-2 Napoli
  ('77777777-7777-7777-7777-77777777111420', '66666666-6666-6666-6666-66666666111409', 'GOAL', '44444444-4444-4444-4444-444444441109', NULL, 20, 1),
  ('77777777-7777-7777-7777-77777777111421', '66666666-6666-6666-6666-66666666111409', 'GOAL', '44444444-4444-4444-4444-444444441110', '44444444-4444-4444-4444-444444441107', 45, 1),
  ('77777777-7777-7777-7777-77777777111422', '66666666-6666-6666-6666-66666666111409', 'YELLOW', '44444444-4444-4444-4444-444444441104', NULL, 55, 2),
  ('77777777-7777-7777-7777-77777777111423', '66666666-6666-6666-6666-66666666111409', 'GOAL', '44444444-4444-4444-4444-444444441111', NULL, 70, 2)
ON CONFLICT (id) DO NOTHING;

-- ================================================================
-- EVENTI PARTITE U15
-- ================================================================
INSERT INTO evento_partita (id, partita_id, tipo_evento_codice, calciatore_principale_id, calciatore_secondario_id, minuto, tempo)
VALUES
  -- Partita 1: New Team 2-0 Diladdarno
  ('77777777-7777-7777-7777-77777777111501', '66666666-6666-6666-6666-66666666111501', 'GOAL', '44444444-4444-4444-4444-444444441209', NULL, 35, 1),
  ('77777777-7777-7777-7777-77777777111502', '66666666-6666-6666-6666-66666666111501', 'GOAL', '44444444-4444-4444-4444-444444441210', '44444444-4444-4444-4444-444444441207', 68, 2),
  
  -- Partita 3: New Team 4-1 Lodigiani
  ('77777777-7777-7777-7777-77777777111503', '66666666-6666-6666-6666-66666666111503', 'GOAL', '44444444-4444-4444-4444-444444441209', '44444444-4444-4444-4444-444444441208', 15, 1),
  ('77777777-7777-7777-7777-77777777111504', '66666666-6666-6666-6666-66666666111503', 'GOAL', '44444444-4444-4444-4444-444444441210', NULL, 28, 1),
  ('77777777-7777-7777-7777-77777777111505', '66666666-6666-6666-6666-66666666111503', 'GOAL', '44444444-4444-4444-4444-444444441211', NULL, 52, 2),
  ('77777777-7777-7777-7777-77777777111506', '66666666-6666-6666-6666-66666666111503', 'GOAL', '44444444-4444-4444-4444-444444441209', '44444444-4444-4444-4444-444444441206', 75, 2),
  ('77777777-7777-7777-7777-77777777111507', '66666666-6666-6666-6666-66666666111503', 'YELLOW', '44444444-4444-4444-4444-444444441203', NULL, 60, 2),
  
  -- Partita 7: New Team 5-0 Tuscolano
  ('77777777-7777-7777-7777-77777777111508', '66666666-6666-6666-6666-66666666111507', 'GOAL', '44444444-4444-4444-4444-444444441209', '44444444-4444-4444-4444-444444441210', 12, 1),
  ('77777777-7777-7777-7777-77777777111509', '66666666-6666-6666-6666-66666666111507', 'GOAL', '44444444-4444-4444-4444-444444441211', NULL, 30, 1),
  ('77777777-7777-7777-7777-77777777111510', '66666666-6666-6666-6666-66666666111507', 'GOAL', '44444444-4444-4444-4444-444444441209', NULL, 45, 1),
  ('77777777-7777-7777-7777-77777777111511', '66666666-6666-6666-6666-66666666111507', 'GOAL', '44444444-4444-4444-4444-444444441210', '44444444-4444-4444-4444-444444441207', 60, 2),
  ('77777777-7777-7777-7777-77777777111512', '66666666-6666-6666-6666-66666666111507', 'GOAL', '44444444-4444-4444-4444-444444441211', NULL, 78, 2)
ON CONFLICT (id) DO NOTHING;

-- ================================================================
-- CONFIGURAZIONE ALLENAMENTI (per ogni categoria)
-- ================================================================

-- U14: Martedì e Giovedì 17:00-18:30
INSERT INTO configurazione_allenamento (squadra_id, giorno_settimana, ora_inizio, ora_fine, luogo)
VALUES
  ('33333333-3333-3333-3333-333333331114', 2, '17:00', '18:30', 'Campo Sportivo New Team'),
  ('33333333-3333-3333-3333-333333331114', 4, '17:00', '18:30', 'Campo Sportivo New Team')
ON CONFLICT DO NOTHING;

-- U15: Lunedì, Mercoledì e Venerdì 17:00-18:30
INSERT INTO configurazione_allenamento (squadra_id, giorno_settimana, ora_inizio, ora_fine, luogo)
VALUES
  ('33333333-3333-3333-3333-333333331115', 1, '17:00', '18:30', 'Campo Sportivo New Team'),
  ('33333333-3333-3333-3333-333333331115', 3, '17:00', '18:30', 'Campo Sportivo New Team'),
  ('33333333-3333-3333-3333-333333331115', 5, '17:00', '18:30', 'Campo Sportivo New Team')
ON CONFLICT DO NOTHING;

-- U16: Martedì, Giovedì e Sabato 17:00-18:30
INSERT INTO configurazione_allenamento (squadra_id, giorno_settimana, ora_inizio, ora_fine, luogo)
VALUES
  ('33333333-3333-3333-3333-333333331116', 2, '17:00', '18:30', 'Campo Sportivo New Team'),
  ('33333333-3333-3333-3333-333333331116', 4, '17:00', '18:30', 'Campo Sportivo New Team'),
  ('33333333-3333-3333-3333-333333331116', 6, '10:00', '11:30', 'Campo Sportivo New Team')
ON CONFLICT DO NOTHING;

-- U17: Lunedì, Mercoledì e Venerdì 18:00-19:30
INSERT INTO configurazione_allenamento (squadra_id, giorno_settimana, ora_inizio, ora_fine, luogo)
VALUES
  ('33333333-3333-3333-3333-333333331117', 1, '18:00', '19:30', 'Campo Sportivo New Team'),
  ('33333333-3333-3333-3333-333333331117', 3, '18:00', '19:30', 'Campo Sportivo New Team'),
  ('33333333-3333-3333-3333-333333331117', 5, '18:00', '19:30', 'Campo Sportivo New Team')
ON CONFLICT DO NOTHING;

-- U18: Martedì, Giovedì e Sabato 18:00-19:30
INSERT INTO configurazione_allenamento (squadra_id, giorno_settimana, ora_inizio, ora_fine, luogo)
VALUES
  ('33333333-3333-3333-3333-333333331118', 2, '18:00', '19:30', 'Campo Sportivo New Team'),
  ('33333333-3333-3333-3333-333333331118', 4, '18:00', '19:30', 'Campo Sportivo New Team'),
  ('33333333-3333-3333-3333-333333331118', 6, '10:00', '11:30', 'Campo Sportivo New Team')
ON CONFLICT DO NOTHING;

-- U19: Lunedì, Mercoledì e Venerdì 19:00-20:30
INSERT INTO configurazione_allenamento (squadra_id, giorno_settimana, ora_inizio, ora_fine, luogo)
VALUES
  ('33333333-3333-3333-3333-333333331119', 1, '19:00', '20:30', 'Campo Sportivo New Team'),
  ('33333333-3333-3333-3333-333333331119', 3, '19:00', '20:30', 'Campo Sportivo New Team'),
  ('33333333-3333-3333-3333-333333331119', 5, '19:00', '20:30', 'Campo Sportivo New Team')
ON CONFLICT DO NOTHING;

-- ================================================================
-- UTENTI ADMIN
-- ================================================================
-- Password: newteam_admin
INSERT INTO utente (id, workspace_id, email, password_hash, nome, cognome, ruolo, is_active, is_superadmin)
VALUES (
  '88888888-8888-8888-8888-888888888888',
  '11111111-1111-1111-1111-111111111111',
  'admin@ssdnewteam.it',
  '$2b$12$vQzQcVHqEdVvKK.Y9C6NYeDsbM6Qi0bV8fmEGxEs6zleyNfXW.Xv2',
  'Admin',
  'New Team',
  'admin',
  true,
  false
) ON CONFLICT (id) DO NOTHING;

-- Utente Allenatore
-- Password: allenatore_new
INSERT INTO utente (id, workspace_id, email, password_hash, nome, cognome, ruolo, is_active, is_superadmin, squadre_accesso)
VALUES (
  '88888888-8888-8888-8888-888888888889',
  '11111111-1111-1111-1111-111111111111',
  'roberto.bianchi@ssdnewteam.it',
  '$2b$12$vQzQcVHqEdVvKK.Y9C6NYeDsbM6Qi0bV8fmEGxEs6zleyNfXW.Xv2',
  'Roberto',
  'Bianchi',
  'allenatore',
  true,
  false,
  ARRAY['33333333-3333-3333-3333-333333331114', '33333333-3333-3333-3333-333333331115', '33333333-3333-3333-3333-333333331116']::TEXT[]
) ON CONFLICT (id) DO NOTHING;

-- Utente Staff
-- Password: staff_new
INSERT INTO utente (id, workspace_id, email, password_hash, nome, cognome, ruolo, is_active, is_superadmin, squadre_accesso)
VALUES (
  '88888888-8888-8888-8888-888888888890',
  '11111111-1111-1111-1111-111111111111',
  'staff@ssdnewteam.it',
  '$2b$12$vQzQcVHqEdVvKK.Y9C6NYeDsbM6Qi0bV8fmEGxEs6zleyNfXW.Xv2',
  'Staff',
  'New Team',
  'staff',
  true,
  false,
  ARRAY['33333333-3333-3333-3333-333333331117', '33333333-3333-3333-3333-333333331118', '33333333-3333-3333-3333-333333331119']::TEXT[]
) ON CONFLICT (id) DO NOTHING;

-- ================================================================
-- NOTE AVVERSARIO (per alcune partite)
-- ================================================================
INSERT INTO nota_avversario (squadra_id, avversario, titolo, contenuto, data_creazione)
VALUES
  ('33333333-3333-3333-3333-333333331114', 'Juventus Academy', 'Punti di forza', 'Possesso palla, transizioni rapide. Attenzione ai contreattacchi.', NOW()),
  ('33333333-3333-3333-3333-333333331114', 'Inter Youth', 'Note Tattiche', 'Difesa alta, pressing costante. Usare pallonetti.', NOW()),
  ('33333333-3333-3333-3333-333333331114', 'Roma Academy', 'Attenzione', 'Giocatori tecnici nella zona centrale. Marcare uomo.', NOW()),
  ('33333333-3333-3333-3333-333333331114', 'Milan Junior', 'Punti deboli', 'Fase difensiva debole su calci d''angolo.', NOW()),
  ('33333333-3333-3333-3333-333333331115', 'ASD Diladdarno', 'Analisi', 'Squadra compatta, difficile da aggirare. Pazienza.', NOW()),
  ('33333333-3333-3333-3333-333333331115', 'Virtus Roma', 'Note', 'Attacco prolifico. Non concedere spazi.', NOW()),
  ('33333333-3333-3333-3333-333333331116', 'Saxulum Eur', 'Generali', 'Partita equilibrata. Attenzione ai calci piazzati.', NOW())
ON CONFLICT DO NOTHING;

-- ================================================================
-- RIEPILOGO FINALE
-- ================================================================
SELECT 
  'Workspace SSD New Team creato con successo!' as status,
  '11111111-1111-1111-1111-111111111111' as workspace_id;

-- Verifica dati inseriti
SELECT 'Workspace' as table_name, COUNT(*) as count FROM workspace WHERE id = '11111111-1111-1111-1111-111111111111'
UNION ALL SELECT 'Stagioni', COUNT(*) FROM stagione WHERE workspace_id = '11111111-1111-1111-1111-111111111111'
UNION ALL SELECT 'Squadre', COUNT(*) FROM squadra WHERE stagione_id = '22222222-2222-2222-2222-222222222222'
UNION ALL SELECT 'Giocatori', COUNT(*) FROM calciatore WHERE workspace_id = '11111111-1111-1111-1111-111111111111'
UNION ALL SELECT 'Partite', COUNT(*) FROM partita WHERE squadra_id IN (SELECT id FROM squadra WHERE stagione_id = '22222222-2222-2222-2222-222222222222')
UNION ALL SELECT 'Utenti', COUNT(*) FROM utente WHERE workspace_id = '11111111-1111-1111-1111-111111111111';

-- ================================================================
-- CREDENZIALI DI ACCESSO
-- ================================================================
-- Admin:    admin@ssdnewteam.it / newteam_admin
-- Allenatore: roberto.bianchi@ssdnewteam.it / allenatore_new
-- Staff:    staff@ssdnewteam.it / staff_new
--
-- Nota: La password hash è bcrypt di "demo_yfm" per semplicità.
-- Per usare password diverse, genera un nuovo hash bcrypt.
-- ================================================================